source_row,timestamp,recorded_load_tf,stage,baseline_source_row,base_source_mm,down_source_mm,crack_source_mm,up_source_mm,top_source_mm,base_signed_delta_mm,down_signed_delta_mm,crack_signed_delta_mm,up_signed_delta_mm,top_signed_delta_mm,crack_review_required
19,2020-03-01 16:55:00,0,0,19,9.674768,59.070396,7.617234,81.605808,132.21374,0.0,0.0,0.0,0.0,0.0,1
20,2020-03-01 17:00:00,45,1,19,9.68914,59.07534,7.620651,81.59964,132.22546,0.01437199999999983,0.00494399999999473,0.0034169999999997813,-0.006168000000002394,0.011719999999996844,1
21,2020-03-01 17:05:00,45,1,19,9.680726,59.078132,7.619896,81.614224,132.22136,0.005957999999999686,0.007735999999994192,0.002661999999999942,0.00841599999999687,0.007620000000002847,1
22,2020-03-01 17:10:00,45,1,19,9.690438,59.08448,7.620545,81.606552,132.23684,0.015670000000000073,0.014083999999996877,0.003311000000000064,0.0007439999999974134,0.023099999999999454,1
23,2020-03-01 17:15:00,45,1,19,9.702378,59.09194,7.620484,81.6264,132.2298,0.027609999999999246,0.021543999999998675,0.0032500000000004192,0.020592000000007715,0.016060000000010177,1
24,2020-03-01 17:20:00,45,1,19,9.699852,59.097312,8.066185,81.606656,132.20508,0.025083999999999662,0.02691599999999994,0.448951000000001,0.0008480000000048449,-0.008659999999991896,1
25,2020-03-01 17:25:00,90,2,19,9.702676,59.101876,8.070412,81.597776,132.22052,0.027908000000000044,0.031479999999994845,0.4531779999999994,-0.008032000000000039,0.006779999999992015,1
26,2020-03-01 17:30:00,90,2,19,9.699754,59.102972,8.071167,81.613952,132.21208,0.024986000000000175,0.03257599999999883,0.45393300000000103,0.008144000000001483,-0.0016600000000153159,1
27,2020-03-01 17:35:00,90,2,19,9.70456,59.103644,8.071518,81.618256,132.23814,0.029792000000000485,0.03324800000000039,0.45428399999999947,0.012448000000006232,0.024399999999985766,1
28,2020-03-01 17:40:00,90,2,19,9.697434,59.109808,8.071953,81.61516,132.23836,0.022665999999999187,0.03941199999999867,0.45471900000000076,0.00935200000000691,0.024619999999998754,1
29,2020-03-01 17:45:00,90,2,19,9.707658,59.11286,8.069901,81.61504,132.24606,0.032890000000000086,0.042463999999995394,0.45266699999999993,0.009231999999997242,0.03231999999999857,1
30,2020-03-01 17:50:00,135,3,19,9.709054,59.11286,8.241715,81.617568,132.22804,0.03428599999999982,0.042463999999995394,0.6244809999999994,0.01176000000000954,0.014299999999991542,1
31,2020-03-01 17:55:00,135,3,19,9.712044,59.116888,8.242859,81.620624,132.24834,0.03727600000000031,0.046492000000000644,0.6256249999999994,0.014816000000010376,0.03460000000001173,1
32,2020-03-01 18:00:00,135,3,19,9.709328,59.120184,8.24733,81.622968,132.23782,0.034559999999999036,0.0497879999999995,0.630096,0.01716000000000406,0.02407999999999788,1
33,2020-03-01 18:05:00,135,3,19,9.715042,59.126352,8.244927,81.6264,132.2545,0.04027400000000014,0.05595599999999479,0.6276930000000007,0.020592000000007715,0.0407600000000059,1
34,2020-03-01 18:10:00,180,4,19,9.716516,59.128852,8.24437,81.62808,132.2644,0.04174800000000012,0.05845599999999962,0.6271360000000001,0.022272000000000958,0.05065999999999349,1
35,2020-03-01 18:15:00,180,4,19,9.72847,59.129648,8.245034,81.633528,132.26048,0.05370199999999947,0.05925200000000075,0.6278000000000006,0.027720000000002187,0.04673999999999978,1
36,2020-03-01 18:20:00,180,4,19,9.729478,59.13154,8.434464,81.628496,132.25606,0.054710000000000036,0.061143999999998755,0.8172300000000003,0.022688000000002262,0.04231999999998948,1
37,2020-03-01 18:25:00,180,4,19,9.726662,59.13514,8.440568,81.636944,132.25624,0.051893999999998996,0.06474399999999747,0.8233340000000009,0.031136000000003605,0.04249999999998977,1
38,2020-03-01 18:30:00,180,4,19,9.733628,59.13996,8.43985,81.640576,132.26124,0.058859999999999246,0.06956399999999974,0.822616,0.03476799999999969,0.04749999999998522,1
39,2020-03-01 18:35:00,180,4,19,9.731896,59.138376,8.441468,81.64284,132.25488,0.05712800000000051,0.0679799999999986,0.8242340000000006,0.03703200000001061,0.04114000000001283,1
40,2020-03-01 18:40:00,180,4,19,9.744858,59.144904,8.440782,81.647616,132.27666,0.07009000000000043,0.07450799999999447,0.8235480000000006,0.041808000000003176,0.0629199999999912,1
41,2020-03-01 18:45:00,180,4,19,9.744812,59.144112,8.44272,81.643856,132.2664,0.07004399999999933,0.07371599999999745,0.8254859999999997,0.03804800000000341,0.05266000000000304,1
42,2020-03-01 18:50:00,225,5,19,9.739038,59.147712,8.441606,81.647784,132.25532,0.0642700000000005,0.07731599999999617,0.8243720000000003,0.04197600000000534,0.041580000000010386,1
43,2020-03-01 18:55:00,225,5,19,9.736184,59.147592,8.440956,81.642776,132.26678,0.06141599999999947,0.07719600000000071,0.8237220000000001,0.036968000000001666,0.05304000000000997,1
44,2020-03-01 19:00:00,225,5,19,9.743806,59.151924,8.7341,81.61624,132.25082,0.06903799999999904,0.08152799999999871,1.116866,0.010432000000008657,0.03708000000000311,1
45,2020-03-01 19:05:00,225,5,19,9.761818,59.160852,8.740776,81.616304,132.2743,0.08704999999999963,0.0904559999999961,1.1235420000000005,0.010496000000003392,0.060560000000009495,1
46,2020-03-01 19:10:00,270,6,19,9.757668,59.17016,8.742074,81.632904,132.27818,0.08290000000000042,0.09976400000000041,1.1248400000000007,0.02709600000000023,0.0644399999999905,1
47,2020-03-01 19:15:00,270,6,19,9.767014,59.174264,8.743218,81.63492,132.3082,0.09224599999999938,0.10386799999999852,1.1259840000000008,0.029111999999997806,0.09445999999999799,1
48,2020-03-01 19:20:00,270,6,19,9.79512,59.193384,9.055154,81.61516,132.30476,0.12035200000000046,0.12298799999999943,1.43792,0.00935200000000691,0.09101999999998611,1
49,2020-03-01 19:25:00,270,6,19,9.839622,59.196876,9.061066,81.61296,132.3152,0.16485400000000006,0.12648000000000081,1.4438320000000004,0.007152000000004932,0.10146000000000299,1
50,2020-03-01 19:30:00,315,7,19,9.854172,59.223868,9.064926,81.639576,132.34126,0.1794039999999999,0.15347200000000072,1.447692,0.033768000000009124,0.12752000000000407,1
51,2020-03-01 19:35:00,315,7,19,9.882652,59.202736,9.057206,81.621432,132.32348,0.20788399999999996,0.13233999999999924,1.439972000000001,0.015624000000002525,0.10973999999998796,1
52,2020-03-01 19:40:00,315,7,19,10.006616,59.20928,9.60791,81.588352,132.32186,0.33184799999999903,0.13888399999999734,1.9906760000000006,-0.017455999999995697,0.10811999999998534,1
53,2020-03-01 19:45:00,315,7,19,10.12642,59.224844,9.631936,81.60608,132.33266,0.4516519999999993,0.15444799999999503,2.0147019999999998,0.0002720000000095979,0.1189200000000028,1
54,2020-03-01 19:50:00,360,8,19,10.168344,59.226312,9.638116,81.602128,132.35898,0.4935759999999991,0.15591599999999772,2.0208820000000003,-0.003680000000002792,0.14524000000000115,1
55,2020-03-01 19:55:00,360,8,19,10.200776,59.224724,9.643052,81.598696,132.35338,0.5260079999999991,0.15432799999999958,2.025818000000001,-0.007111999999992236,0.13963999999998578,1
56,2020-03-01 20:00:00,360,8,19,10.580346,59.230048,10.875816,81.552216,132.3387,0.9055780000000002,0.15965199999999413,3.2585820000000005,-0.053591999999994755,0.1249599999999873,1
57,2020-03-01 20:05:00,360,8,19,11.05372,59.28504,11.220002,81.541888,132.33566,1.378952,0.21464399999999983,3.6027679999999993,-0.06391999999999598,0.1219199999999887,1
58,2020-03-01 20:10:00,360,8,19,11.166206,59.345984,11.385216,81.554216,132.33148,1.4914380000000005,0.27558799999999906,3.767982,-0.051591999999999416,0.11773999999999774,1
59,2020-03-01 20:15:00,360,8,19,11.253762,59.415092,11.417802,81.528456,132.32458,1.5789939999999998,0.344695999999999,3.800568,-0.07735199999999054,0.11083999999999605,1
60,2020-03-01 20:20:00,405,9,19,11.311028,59.468452,11.424606,81.52896,132.34374,1.63626,0.39805599999999686,3.807372000000001,-0.07684799999999825,0.12999999999999545,1
61,2020-03-01 20:25:00,405,9,19,11.35801,59.497428,11.430032,81.535856,132.33688,1.683242,0.42703199999999697,3.812798000000001,-0.06995200000000068,0.12314000000000647,1
62,2020-03-01 20:30:00,405,9,19,11.391084,59.553872,11.711366,81.534832,132.32578,1.716315999999999,0.483475999999996,4.094132,-0.0709760000000017,0.11204000000000747,1
63,2020-03-01 20:35:00,405,9,19,12.937722,60.204476,13.601898,81.512464,132.32542,3.2629540000000006,1.1340799999999973,5.984664,-0.09334400000000187,0.11168000000000688,1
64,2020-03-01 20:40:00,405,9,19,13.541862,61.967156,14.055322,81.526552,132.3157,3.867094,2.8967600000000004,6.4380880000000005,-0.07925600000000088,0.10195999999999117,1
65,2020-03-01 20:45:00,405,9,19,13.815788,62.304116,14.349,81.527408,132.32758,4.141019999999999,3.233719999999998,6.731766,-0.07840000000000202,0.11384000000001038,1
66,2020-03-01 20:50:00,405,9,19,14.010682,62.484244,14.478494,81.520064,132.30928,4.335913999999999,3.4138479999999944,6.86126,-0.08574399999999116,0.09553999999999974,1
67,2020-03-01 20:55:00,450,10,19,14.076798,62.574288,14.60041,81.52368,132.3219,4.40203,3.5038920000000005,6.983176,-0.08212799999999731,0.10815999999999804,1
68,2020-03-01 21:00:00,450,10,19,15.052818,63.120872,15.72506,81.517056,132.30312,5.37805,4.050475999999996,8.107826,-0.0887519999999995,0.08938000000000557,1
69,2020-03-01 21:05:00,450,10,19,16.543358,65.499672,17.307488,81.502488,132.30372,6.868590000000001,6.4292760000000015,9.690254,-0.10331999999999653,0.08997999999999706,1
70,2020-03-01 21:10:00,450,10,19,17.09755,66.122568,17.840118,81.493488,132.31692,7.422781999999998,7.052171999999999,10.222884,-0.11231999999999687,0.10318000000000893,1
71,2020-03-01 21:15:00,450,10,19,17.37622,66.422248,18.06749,81.493744,132.31236,7.701452,7.351851999999994,10.450256,-0.1120639999999895,0.09862000000001103,1
72,2020-03-01 21:20:00,450,10,19,17.529366,66.599556,18.258538,81.47688,132.28506,7.854597999999999,7.5291600000000045,10.641304000000002,-0.12892800000000193,0.07131999999998584,1
73,2020-03-01 21:25:00,540,11,19,17.648208,66.719824,18.359886,81.482088,132.30116,7.97344,7.649428,10.742652,-0.12371999999999161,0.08742000000000871,1
74,2020-03-01 21:30:00,540,11,19,17.707298,66.78492,18.495788,81.477048,132.27804,8.032530000000001,7.714523999999997,10.878554000000001,-0.12875999999999976,0.06430000000000291,1
75,2020-03-01 21:35:00,540,11,19,19.758522,69.219752,20.498542,81.460208,132.27336,10.083753999999999,10.149355999999997,12.881308,-0.14560000000000173,0.05961999999999534,1
76,2020-03-01 21:40:00,540,11,19,21.512626,71.298712,22.398368,81.43564,132.24532,11.837858,12.228315999999992,14.781134000000002,-0.17016799999998966,0.03157999999999106,1
77,2020-03-01 21:45:00,540,11,19,23.289444,73.308968,24.36325,81.41864,132.23534,13.614676,14.23857199999999,16.746016,-0.18716799999999978,0.021600000000006503,1
78,2020-03-01 21:50:00,540,11,19,24.766068,75.024272,25.933464,81.3988,132.19842,15.0913,15.953875999999994,18.31623,-0.20700800000000186,-0.015320000000002665,1
79,2020-03-01 21:55:00,540,11,19,27.342994,77.088832,27.786308,81.377256,132.1597,17.668226,18.018435999999994,20.169074,-0.22855199999999343,-0.05404000000001474,1
80,2020-03-01 22:00:00,540,11,19,27.42614,78.018336,28.543862,81.361496,132.14676,17.751372,18.947940000000003,20.926628,-0.24431199999999365,-0.06698000000000093,1
81,2020-03-01 22:05:00,540,11,19,27.665398,78.30256,28.898308,81.353896,132.1393,17.99063,19.232163999999997,21.281074,-0.25191199999999014,-0.07444000000000983,1
82,2020-03-01 22:10:00,540,11,19,27.847572,78.524784,29.110528,81.353976,132.12956,18.172804,19.454387999999994,21.493294,-0.2518319999999932,-0.08418000000000347,1
83,2020-03-01 22:15:00,540,11,19,27.992524,78.672632,29.237396,81.348896,132.13082,18.317756,19.60223599999999,21.620162,-0.2569119999999998,-0.08292000000000144,1
84,2020-03-01 22:20:00,540,11,19,28.08918,78.798608,29.371574,81.34068,132.13092,18.414412,19.728212,21.75434,-0.26512799999999004,-0.08281999999999812,1
85,2020-03-01 22:25:00,630,12,19,28.212432,78.894248,29.628654,81.347704,132.12428,18.537664,19.823852000000002,22.01142,-0.258104000000003,-0.08946000000000254,1
86,2020-03-01 22:30:00,630,12,19,30.280022,80.755928,31.663422,81.342928,132.11236,20.605254,21.685531999999995,24.046188,-0.26287999999999556,-0.10138000000000602,1
87,2020-03-01 22:35:00,630,12,19,31.951316,82.711128,33.351182,81.326504,132.05916,22.276548,23.640732,25.733948,-0.2793039999999962,-0.15458000000000993,1
88,2020-03-01 22:40:00,630,12,19,33.608192,84.696616,35.268592,81.307464,132.0106,23.933424000000002,25.626220000000004,27.651358,-0.29834400000000016,-0.20313999999999055,1
89,2020-03-01 22:45:00,630,12,19,35.2539,86.656168,36.967348,81.312088,131.96736,25.579132,27.58577199999999,29.350114,-0.2937199999999933,-0.24637999999998783,1
90,2020-03-01 22:50:00,630,12,19,36.84748,88.584264,38.661492,81.309296,131.91568,27.172711999999997,29.513868000000002,31.044258000000003,-0.2965119999999928,-0.29805999999999244,1
91,2020-03-01 22:55:00,630,12,19,38.381568,90.361456,40.298784,81.284056,131.87912,28.7068,31.29106,32.68155,-0.3217519999999894,-0.334620000000001,1
92,2020-03-01 23:00:00,630,12,19,39.74948,91.995064,41.786592,81.266112,131.82296,30.074711999999998,32.924668,34.169358,-0.33969599999998934,-0.39078000000000657,1
93,2020-03-01 23:05:00,630,12,19,41.12182,93.383048,43.254852,81.230896,131.76378,31.447052,34.312652,35.637618,-0.3749119999999948,-0.44996000000000436,1
94,2020-03-01 23:10:00,630,12,19,42.366316,95.06704,44.614488,81.208264,131.70804,32.691548,35.996644,36.997254,-0.39754399999999634,-0.5056999999999903,1
95,2020-03-01 23:15:00,630,12,19,43.574096,96.515984,46.032072,81.185272,131.65968,33.899328,37.445588,38.414838,-0.42053599999999847,-0.5540599999999927,1
96,2020-03-01 23:20:00,630,12,19,44.538084,97.389216,46.80484,81.139968,131.6513,34.863316,38.31882,39.187606,-0.46584000000000003,-0.5624400000000094,1
97,2020-03-01 23:25:00,630,12,19,45.017096,97.926952,47.354652,81.098464,131.63982,35.342328,38.856556,39.737418000000005,-0.5073439999999891,-0.5739200000000153,1
98,2020-03-01 23:30:00,630,12,19,45.352996,98.308128,47.676588,81.08144,131.6477,35.678228,39.237731999999994,40.059354,-0.5243679999999955,-0.5660400000000152,1
99,2020-03-01 23:35:00,630,12,19,45.631812,98.61312,48.01368,81.053832,131.66336,35.957043999999996,39.54272399999999,40.396446,-0.5519759999999962,-0.5503799999999899,1
100,2020-03-01 23:40:00,630,12,19,45.834664,98.84344,48.224184,81.035824,131.6366,36.159895999999996,39.773044,40.60695,-0.5699839999999909,-0.5771400000000142,1
101,2020-03-01 23:45:00,720,13,19,45.982652,99.009912,48.387084,81.023776,131.64644,36.307884,39.939516,40.769850000000005,-0.5820319999999981,-0.5672999999999888,1
102,2020-03-01 23:50:00,720,13,19,46.826164,99.651392,49.315484,80.996976,131.63014,37.151396,40.580996,41.69825,-0.6088319999999925,-0.5835999999999899,1
103,2020-03-01 23:55:00,720,13,19,48.280388,101.76844,50.933364,80.93196,131.65582,38.60562,42.698043999999996,43.31613,-0.6738479999999925,-0.5579199999999958,1
104,2020-03-02 00:00:00,720,13,19,49.651176,103.37264,52.42054,80.85448,130.9527,39.976408,44.302244,44.803306000000006,-0.7513280000000009,-1.2610400000000084,1
105,2020-03-02 00:05:00,720,13,19,50.886544,104.89934,53.793524,80.7758,131.03912,41.211776,45.82894399999999,46.176289999999995,-0.8300079999999923,-1.1746200000000044,1
106,2020-03-02 00:10:00,720,13,19,52.041908,106.26196,55.123984,80.710984,131.03714,42.36714,47.191564,47.50675,-0.8948239999999998,-1.1766000000000076,1
107,2020-03-02 00:15:00,720,13,19,53.063928,107.56732,56.242088,80.627504,131.02072,43.38916,48.49692399999999,48.624854,-0.9783039999999943,-1.19301999999999,1
108,2020-03-02 00:20:00,720,13,19,54.23728,108.76868,57.482156,80.532912,130.98826,44.562512,49.698284,49.86492200000001,-1.072896,-1.2254800000000046,1
109,2020-03-02 00:25:00,720,13,19,55.237876,110.01868,58.691872,80.44652,130.93492,45.563108,50.948284,51.07463799999999,-1.1592879999999894,-1.278819999999996,1
110,2020-03-02 00:30:00,720,13,19,56.532844,111.3824,59.983872,80.351728,130.82412,46.858076,52.312004,52.366637999999995,-1.2540800000000019,-1.3896200000000078,1
111,2020-03-02 00:35:00,720,13,19,57.711312,112.84918,61.320204,80.253736,130.72022,48.036544,53.778784,53.70296999999999,-1.3520719999999926,-1.4935199999999895,1
112,2020-03-02 00:40:00,720,13,19,58.441276,113.6318,98.755216,80.161792,130.63204,48.766508,54.561403999999996,91.13798200000001,-1.4440159999999906,-1.581700000000012,1
113,2020-03-02 00:45:00,720,13,19,59.07682,114.40618,102.62104,80.090832,130.58612,49.402052,55.335784000000004,95.003806,-1.51497599999999,-1.6276200000000074,1
114,2020-03-02 00:50:00,720,13,19,59.429376,114.82844,114.0836,80.06596,130.55806,49.754608,55.758044,106.46636600000001,-1.5398479999999921,-1.6556799999999896,1
115,2020-03-02 00:55:00,720,13,19,59.711264,115.1558,107.39628,80.057736,130.55272,50.036496,56.085404,99.77904600000001,-1.5480719999999906,-1.6610200000000077,1
116,2020-03-02 01:00:00,720,13,19,59.883964,115.33668,111.1508,80.040208,130.55448,50.209196,56.266284,103.53356600000001,-1.5655999999999892,-1.659259999999989,1
117,2020-03-02 01:05:00,720,13,19,60.031348,115.5278,111.77124,80.032808,130.55038,50.35658,56.457404,104.15400600000001,-1.5729999999999933,-1.6633600000000115,1
118,2020-03-02 01:10:00,720,13,19,60.08648,115.5902,111.8221,80.034696,130.55642,50.411712,56.51980399999999,104.20486600000001,-1.5711119999999994,-1.6573199999999986,1
119,2020-03-02 01:15:00,720,13,19,60.204916,115.7198,106.16806,80.027912,130.56846,50.530148,56.649404000000004,98.550826,-1.5778959999999955,-1.6452800000000138,1
120,2020-03-02 01:20:00,720,13,19,60.365792,115.92142,109.96828,80.021176,130.55548,50.691024,56.851023999999995,102.351046,-1.5846319999999992,-1.6582600000000127,1
121,2020-03-02 01:25:00,810,14,19,60.456444,116.03478,109.25076,79.993624,130.5558,50.781676,56.964383999999995,101.633526,-1.6121839999999992,-1.6579399999999964,1
122,2020-03-02 01:30:00,810,14,19,61.796608,117.55742,65.872588,79.928848,130.45552,52.12184,58.48702399999999,58.255354,-1.676959999999994,-1.7582199999999943,1
123,2020-03-02 01:35:00,810,14,19,63.129036,119.19292,67.40056,79.796216,130.34088,53.454268,60.122524,59.783326,-1.809591999999995,-1.8728600000000029,1
124,2020-03-02 01:40:00,810,14,19,64.404136,120.64324,68.8152,79.698424,130.24748,54.729367999999994,61.572844,61.19796600000001,-1.9073839999999933,-1.9662600000000054,1
125,2020-03-02 01:45:00,810,14,19,65.679376,122.10624,70.25156,79.583096,130.12388,56.004608000000005,63.035844,62.634326,-2.0227119999999985,-2.0898599999999874,1
126,2020-03-02 01:50:00,810,14,19,66.810584,123.39852,71.499464,79.4594,130.01396,57.135816000000005,64.328124,63.88223000000001,-2.146407999999994,-2.199780000000004,1
127,2020-03-02 01:55:00,810,14,19,67.89292,124.4489,72.739688,79.354664,129.91076,58.218152,65.37850399999999,65.122454,-2.2511439999999965,-2.302979999999991,1
128,2020-03-02 02:00:00,810,14,19,68.7846,125.9457,73.974064,79.225552,129.79846,59.109832,66.875304,66.35683,-2.380256000000003,-2.4152799999999957,1
129,2020-03-02 02:05:00,810,14,19,70.077432,127.15062,75.151432,79.120304,129.6881,60.402664,68.080224,67.534198,-2.4855039999999917,-2.52564000000001,1
130,2020-03-02 02:10:00,810,14,19,71.089576,128.3087,76.238888,78.967896,129.5659,61.414807999999994,69.23830399999999,68.621654,-2.637912,-2.647840000000002,1
131,2020-03-02 02:15:00,810,14,19,72.14684,129.50424,77.439176,78.87956,129.45652,62.472072,70.43384400000001,69.821942,-2.7262479999999982,-2.7572199999999896,1
132,2020-03-02 02:20:00,810,14,19,73.226432,130.67688,78.660328,78.796584,129.32788,63.551664,71.60648400000001,71.04309400000001,-2.8092240000000004,-2.885860000000008,1
133,2020-03-02 02:25:00,810,14,19,74.221,131.95416,79.838808,78.478656,129.20782,64.546232,72.883764,72.221574,-3.1271519999999953,-3.0059200000000033,1
134,2020-03-02 02:30:00,810,14,19,74.969688,132.787,80.687808,78.40692,129.127,65.29492,73.716604,73.07057400000001,-3.1988879999999966,-3.086739999999992,1
135,2020-03-02 02:35:00,810,14,19,75.746424,133.35458,81.252368,78.366392,129.04174,66.071656,74.284184,73.63513400000001,-3.2394159999999914,-3.171999999999997,1
136,2020-03-02 02:40:00,810,14,19,75.846456,133.74942,81.719344,78.334424,128.98766,66.171688,74.67902399999998,74.10211000000001,-3.2713839999999976,-3.226079999999996,1
137,2020-03-02 02:45:00,810,14,19,76.156536,134.09192,82.00832,78.314256,128.94728,66.481768,75.02152399999999,74.391086,-3.291551999999996,-3.266459999999995,1
138,2020-03-02 02:50:00,900,15,19,76.39872,134.39212,82.412584,78.296248,128.92762,66.723952,75.321724,74.79535,-3.3095599999999905,-3.286120000000011,1
139,2020-03-02 02:55:00,900,15,19,77.23104,135.29576,83.276272,78.248792,128.84304,67.55627199999999,76.225364,75.65903800000001,-3.3570160000000016,-3.3706999999999994,1
140,2020-03-02 03:00:00,900,15,19,78.155904,136.34886,84.293856,78.143952,128.75576,68.481136,77.278464,76.67662200000001,-3.4618559999999974,-3.457979999999992,1
141,2020-03-02 03:05:00,900,15,19,79.193976,137.5164,85.501696,78.021712,128.61522,69.519208,78.446004,77.884462,-3.5840960000000024,-3.5985200000000077,1
142,2020-03-02 03:10:00,900,15,19,80.151464,138.67228,86.605272,77.893296,128.51502,70.476696,79.601884,78.988038,-3.7125119999999896,-3.6987200000000087,1
143,2020-03-02 03:15:00,900,15,19,81.08164,139.73802,87.68512,77.781344,128.37422,71.40687199999999,80.667624,80.067886,-3.824463999999992,-3.839519999999993,1
144,2020-03-02 03:20:00,900,15,19,82.309168,140.9445,88.894272,77.653304,128.24516,72.6344,81.874104,81.277038,-3.9525039999999905,-3.968580000000003,1
145,2020-03-02 03:25:00,900,15,19,83.263544,142.22568,90.161288,77.511064,128.10888,73.588776,83.15528400000001,82.544054,-4.0947439999999915,-4.104860000000002,1
146,2020-03-02 03:30:00,900,15,19,83.883144,142.89542,90.80968,77.407472,128.00894,74.208376,83.825024,83.192446,-4.198335999999998,-4.204800000000006,1
147,2020-03-02 03:35:00,450,16,19,83.905968,142.8849,89.16968,77.393512,128.09386,74.2312,83.81450399999999,81.552446,-4.212295999999995,-4.119879999999995,1
148,2020-03-02 03:40:00,450,16,19,83.920464,142.85468,89.169416,77.395568,128.09896,74.245696,83.784284,81.552182,-4.210239999999999,-4.114779999999996,1
149,2020-03-02 03:45:00,450,16,19,83.90296,142.85502,89.167096,77.399168,128.09674,74.22819199999999,83.784624,81.549862,-4.206639999999993,-4.11699999999999,1
150,2020-03-02 03:50:00,225,17,19,83.823552,142.4196,87.16696,77.402024,128.36266,74.148784,83.349204,79.549726,-4.203783999999999,-3.851079999999996,1
151,2020-03-02 03:55:00,225,17,19,83.812416,142.39784,87.162032,77.416672,128.3669,74.137648,83.327444,79.544798,-4.189135999999991,-3.8468400000000145,1
152,2020-03-02 04:00:00,225,17,19,83.819264,142.39338,87.166824,77.41148,128.36024,74.144496,83.322984,79.54959000000001,-4.194327999999999,-3.853499999999997,1
153,2020-03-02 04:05:00,0,18,19,83.5944,139.0574,82.49124,77.606688,129.1532,73.919632,79.987004,74.87400600000001,-3.9991199999999907,-3.060540000000003,1
154,2020-03-02 04:10:00,0,18,19,83.56968,139.03236,82.479328,77.622008,129.17158,73.894912,79.96196400000001,74.862094,-3.9838000000000022,-3.0421599999999955,1
155,2020-03-02 04:15:00,0,18,19,83.557912,139.01762,82.418408,77.624632,129.17278,73.883144,79.94722399999999,74.801174,-3.9811759999999907,-3.0409600000000125,1
