stage,phase,recorded_load_tf,source_end_row,timestamp,baseline_source_row,base_source_mm,down_source_mm,crack_source_mm,up_source_mm,top_source_mm,base_signed_delta_mm,down_signed_delta_mm,crack_signed_delta_mm,up_signed_delta_mm,top_signed_delta_mm,crack_review_required
0,Baseline,0,19,2020-03-01 16:55:00,19,9.674768,59.070396,7.617234,81.605808,132.21374,0.0,0.0,0.0,0.0,0.0,1
1,Loading,45,24,2020-03-01 17:20:00,19,9.699852,59.097312,8.066185,81.606656,132.20508,0.025083999999999662,0.02691599999999994,0.448951000000001,0.0008480000000048449,-0.008659999999991896,1
2,Loading,90,29,2020-03-01 17:45:00,19,9.707658,59.11286,8.069901,81.61504,132.24606,0.032890000000000086,0.042463999999995394,0.45266699999999993,0.009231999999997242,0.03231999999999857,1
3,Loading,135,33,2020-03-01 18:05:00,19,9.715042,59.126352,8.244927,81.6264,132.2545,0.04027400000000014,0.05595599999999479,0.6276930000000007,0.020592000000007715,0.0407600000000059,1
4,Loading,180,41,2020-03-01 18:45:00,19,9.744812,59.144112,8.44272,81.643856,132.2664,0.07004399999999933,0.07371599999999745,0.8254859999999997,0.03804800000000341,0.05266000000000304,1
5,Loading,225,45,2020-03-01 19:05:00,19,9.761818,59.160852,8.740776,81.616304,132.2743,0.08704999999999963,0.0904559999999961,1.1235420000000005,0.010496000000003392,0.060560000000009495,1
6,Loading,270,49,2020-03-01 19:25:00,19,9.839622,59.196876,9.061066,81.61296,132.3152,0.16485400000000006,0.12648000000000081,1.4438320000000004,0.007152000000004932,0.10146000000000299,1
7,Loading,315,53,2020-03-01 19:45:00,19,10.12642,59.224844,9.631936,81.60608,132.33266,0.4516519999999993,0.15444799999999503,2.0147019999999998,0.0002720000000095979,0.1189200000000028,1
8,Loading,360,59,2020-03-01 20:15:00,19,11.253762,59.415092,11.417802,81.528456,132.32458,1.5789939999999998,0.344695999999999,3.800568,-0.07735199999999054,0.11083999999999605,1
9,Loading,405,66,2020-03-01 20:50:00,19,14.010682,62.484244,14.478494,81.520064,132.30928,4.335913999999999,3.4138479999999944,6.86126,-0.08574399999999116,0.09553999999999974,1
10,Loading,450,72,2020-03-01 21:20:00,19,17.529366,66.599556,18.258538,81.47688,132.28506,7.854597999999999,7.5291600000000045,10.641304000000002,-0.12892800000000193,0.07131999999998584,1
11,Loading,540,84,2020-03-01 22:20:00,19,28.08918,78.798608,29.371574,81.34068,132.13092,18.414412,19.728212,21.75434,-0.26512799999999004,-0.08281999999999812,1
12,Loading,630,100,2020-03-01 23:40:00,19,45.834664,98.84344,48.224184,81.035824,131.6366,36.159895999999996,39.773044,40.60695,-0.5699839999999909,-0.5771400000000142,1
13,Loading,720,120,2020-03-02 01:20:00,19,60.365792,115.92142,109.96828,80.021176,130.55548,50.691024,56.851023999999995,102.351046,-1.5846319999999992,-1.6582600000000127,1
14,Loading,810,137,2020-03-02 02:45:00,19,76.156536,134.09192,82.00832,78.314256,128.94728,66.481768,75.02152399999999,74.391086,-3.291551999999996,-3.266459999999995,1
15,Loading,900,146,2020-03-02 03:30:00,19,83.883144,142.89542,90.80968,77.407472,128.00894,74.208376,83.825024,83.192446,-4.198335999999998,-4.204800000000006,1
16,Unloading,450,149,2020-03-02 03:45:00,19,83.90296,142.85502,89.167096,77.399168,128.09674,74.22819199999999,83.784624,81.549862,-4.206639999999993,-4.11699999999999,1
17,Unloading,225,152,2020-03-02 04:00:00,19,83.819264,142.39338,87.166824,77.41148,128.36024,74.144496,83.322984,79.54959000000001,-4.194327999999999,-3.853499999999997,1
18,Unloading,0,155,2020-03-02 04:15:00,19,83.557912,139.01762,82.418408,77.624632,129.17278,73.883144,79.94722399999999,74.801174,-3.9811759999999907,-3.0409600000000125,1
