שלב,מהלך,עומס רשום (tf),קטע בין מפלסים,חלק הכלונס,אורך קטע (m),אומדן עומס מועבר (tf),אומדן חיכוך דופן ממוצע (kPa),סימון לבדיקה
0,קריאת אפס,0.0,SG1–SG2,מקטע עליון,4.5,0.0,0.0,0
0,קריאת אפס,0.0,SG2–SG3,מקטע עליון,3.8000000000000007,0.0,0.0,0
0,קריאת אפס,0.0,SG3–SG4,מקטע עליון,3.1999999999999993,0.0,0.0,0
0,קריאת אפס,0.0,SG5–SG6,מקטע תחתון,2.099999999999998,0.0,0.0,0
0,קריאת אפס,0.0,SG6–SG7,מקטע תחתון,2.5,0.0,0.0,0
1,העמסה,45.0,SG1–SG2,מקטע עליון,4.5,9.312220502443061,5.383073306601999,0
1,העמסה,45.0,SG2–SG3,מקטע עליון,3.8000000000000007,15.59109208676215,10.672901389984778,0
1,העמסה,45.0,SG3–SG4,מקטע עליון,3.1999999999999993,24.73566592660479,20.107736495627933,0
1,העמסה,45.0,SG5–SG6,מקטע תחתון,2.099999999999998,34.188684205805444,42.3499253222842,0
1,העמסה,45.0,SG6–SG7,מקטע תחתון,2.5,29.28790291478555,30.474586702712642,0
2,העמסה,90.0,SG1–SG2,מקטע עליון,4.5,14.110420392358925,8.156747076501507,0
2,העמסה,90.0,SG2–SG3,מקטע עליון,3.8000000000000007,21.500584026363953,14.718251413273505,0
2,העמסה,90.0,SG3–SG4,מקטע עליון,3.1999999999999993,23.346577332733098,18.97853999461066,0
2,העמסה,90.0,SG5–SG6,מקטע תחתון,2.099999999999998,43.573114566637585,53.974529608925096,0
2,העמסה,90.0,SG6–SG7,מקטע תחתון,2.5,30.389533531011583,31.620853058013715,0
3,העמסה,135.0,SG1–SG2,מקטע עליון,4.5,18.643326683922144,10.777063772507645,0
3,העמסה,135.0,SG2–SG3,מקטע עליון,3.8000000000000007,28.482827226794733,19.49795464024389,0
3,העמסה,135.0,SG3–SG4,מקטע עליון,3.1999999999999993,30.54821506672144,24.832784401115912,1
3,העמסה,135.0,SG5–SG6,מקטע תחתון,2.099999999999998,57.143265263947235,70.78403491728149,0
3,העמסה,135.0,SG6–SG7,מקטע תחתון,2.5,39.66729590353619,41.27453070954442,0
4,העמסה,180.0,SG1–SG2,מקטע עליון,4.5,23.951961030076664,13.845802086403653,0
4,העמסה,180.0,SG2–SG3,מקטע עליון,3.8000000000000007,35.19618378270165,24.093591181820006,0
4,העמסה,180.0,SG3–SG4,מקטע עליון,3.1999999999999993,36.790792770938026,29.907404502402933,1
4,העמסה,180.0,SG5–SG6,מקטע תחתון,2.099999999999998,71.97683561356415,89.15855301185188,0
4,העמסה,180.0,SG6–SG7,מקטע תחתון,2.5,50.33030171647016,52.369578931441474,0
5,העמסה,225.0,SG1–SG2,מקטע עליון,4.5,30.93896447248496,17.884747654122652,0
5,העמסה,225.0,SG2–SG3,מקטע עליון,3.8000000000000007,44.14336047770108,30.218392065112717,0
5,העמסה,225.0,SG3–SG4,מקטע עליון,3.1999999999999993,45.56537122807747,37.04029965064328,0
5,העמסה,225.0,SG5–SG6,מקטע תחתון,2.099999999999998,91.24552008789166,113.02689914749699,1
5,העמסה,225.0,SG6–SG7,מקטע תחתון,2.5,64.32819293734059,66.93463505398837,1
6,העמסה,270.0,SG1–SG2,מקטע עליון,4.5,38.30230252745075,22.141239274007955,0
6,העמסה,270.0,SG2–SG3,מקטע עליון,3.8000000000000007,51.81717778107594,35.47151320043196,0
6,העמסה,270.0,SG3–SG4,מקטע עליון,3.1999999999999993,51.23462010456166,41.64885811333941,0
6,העמסה,270.0,SG5–SG6,מקטע תחתון,2.099999999999998,107.24893763412288,132.85052072662577,1
6,העמסה,270.0,SG6–SG7,מקטע תחתון,2.5,77.17549805469194,80.30248576129443,1
7,העמסה,315.0,SG1–SG2,מקטע עליון,4.5,46.76283297488587,27.031979951737082,0
7,העמסה,315.0,SG2–SG3,מקטע עליון,3.8000000000000007,61.499150662968276,42.099319723150245,0
7,העמסה,315.0,SG3–SG4,מקטע עליון,3.1999999999999993,57.48073157438077,46.726350828922875,0
7,העמסה,315.0,SG5–SG6,מקטע תחתון,2.099999999999998,124.12657331733541,153.7570465963578,1
7,העמסה,315.0,SG6–SG7,מקטע תחתון,2.5,89.95027834676515,93.59487309102552,1
8,העמסה,360.0,SG1–SG2,מקטע עליון,4.5,61.5230154631512,35.56433207251325,0
8,העמסה,360.0,SG2–SG3,מקטע עליון,3.8000000000000007,74.0126206975599,50.66543112718221,0
8,העמסה,360.0,SG3–SG4,מקטע עליון,3.1999999999999993,65.89895364184696,53.569562230489716,1
8,העמסה,360.0,SG5–SG6,מקטע תחתון,2.099999999999998,168.23341936604479,208.392715670956,1
8,העמסה,360.0,SG6–SG7,מקטע תחתון,2.5,101.2866761820124,105.39059775358851,1
9,העמסה,405.0,SG1–SG2,מקטע עליון,4.5,69.62719911338466,40.24908096435134,0
9,העמסה,405.0,SG2–SG3,מקטע עליון,3.8000000000000007,83.58026004415564,57.21497048676668,0
9,העמסה,405.0,SG3–SG4,מקטע עליון,3.1999999999999993,74.76612196431924,60.77772410572269,1
9,העמסה,405.0,SG5–SG6,מקטע תחתון,2.099999999999998,196.0179784623056,242.80977588175614,1
9,העמסה,405.0,SG6–SG7,מקטע תחתון,2.5,106.23903999825016,110.54362086147118,1
10,העמסה,450.0,SG1–SG2,מקטע עליון,4.5,79.08475392322414,45.716167018554614,0
10,העמסה,450.0,SG2–SG3,מקטע עליון,3.8000000000000007,92.3256085426105,63.20160962824866,0
10,העמסה,450.0,SG3–SG4,מקטע עליון,3.1999999999999993,98.18795647929511,79.81744100959592,0
10,העמסה,450.0,SG5–SG6,מקטע תחתון,2.099999999999998,208.3226739312951,258.05174691194475,1
10,העמסה,450.0,SG6–SG7,מקטע תחתון,2.5,118.51250116439385,123.31437667619359,1
11,העמסה,540.0,SG1–SG2,מקטע עליון,4.5,103.350510824979,59.743363669241795,0
11,העמסה,540.0,SG2–SG3,מקטע עליון,3.8000000000000007,109.39789361474678,74.88846351010909,0
11,העמסה,540.0,SG3–SG4,מקטע עליון,3.1999999999999993,121.95957765270708,99.14150109543114,1
11,העמסה,540.0,SG5–SG6,מקטע תחתון,2.099999999999998,221.0294919373237,273.7918318593435,1
11,העמסה,540.0,SG6–SG7,מקטע תחתון,2.5,143.59656469110317,149.41479332347583,1
12,העמסה,630.0,SG1–SG2,מקטע עליון,4.5,135.07533373779526,78.08238896764976,0
12,העמסה,630.0,SG2–SG3,מקטע עליון,3.8000000000000007,161.6835376596722,110.68066587142705,0
12,העמסה,630.0,SG3–SG4,מקטע עליון,3.1999999999999993,113.07386683948255,91.91826594426027,1
12,העמסה,630.0,SG5–SG6,מקטע תחתון,2.099999999999998,255.75348497526346,316.8048505293792,1
12,העמסה,630.0,SG6–SG7,מקטע תחתון,2.5,157.86001483349366,164.25616825253095,1
13,העמסה,720.0,SG1–SG2,מקטע עליון,4.5,158.8952239153208,91.85184545197477,0
13,העמסה,720.0,SG2–SG3,מקטע עליון,3.8000000000000007,187.39151457130265,128.27909329312143,0
13,העמסה,720.0,SG3–SG4,מקטע עליון,3.1999999999999993,117.08598783392256,95.17973753690521,1
13,העמסה,720.0,SG5–SG6,מקטע תחתון,2.099999999999998,277.25263768922116,343.43610391273955,1
13,העמסה,720.0,SG6–SG7,מקטע תחתון,2.5,171.87751282882022,178.84162557450347,1
14,העמסה,810.0,SG1–SG2,מקטע עליון,4.5,182.13951632845817,105.28856873265572,0
14,העמסה,810.0,SG2–SG3,מקטע עליון,3.8000000000000007,202.99109840724236,138.95780772051862,0
14,העמסה,810.0,SG3–SG4,מקטע עליון,3.1999999999999993,128.99089618892663,104.85729224342927,1
14,העמסה,810.0,SG5–SG6,מקטע תחתון,2.099999999999998,304.4119274886791,377.07863568990604,1
14,העמסה,810.0,SG6–SG7,מקטע תחתון,2.5,179.86871861021217,187.1566180870369,1
15,העמסה,900.0,SG1–SG2,מקטע עליון,4.5,193.88749310372526,112.07966868233255,0
15,העמסה,900.0,SG2–SG3,מקטע עליון,3.8000000000000007,208.24051635702648,142.55130327689673,0
15,העמסה,900.0,SG3–SG4,מקטע עליון,3.1999999999999993,133.1272121479658,108.2197224934903,1
15,העמסה,900.0,SG5–SG6,מקטע תחתון,2.099999999999998,314.4753476973158,389.54431268867626,1
15,העמסה,900.0,SG6–SG7,מקטע תחתון,2.5,182.1398769693891,189.51979897211783,1
16,פריקה,450.0,SG1–SG2,מקטע עליון,4.5,146.11804818752358,84.46580110562111,1
16,פריקה,450.0,SG2–SG3,מקטע עליון,3.8000000000000007,148.58267842056983,101.71245646025113,0
16,פריקה,450.0,SG3–SG4,מקטע עליון,3.1999999999999993,57.31887435165635,46.59477634881331,1
16,פריקה,450.0,SG5–SG6,מקטע תחתון,2.099999999999998,199.38815753566422,246.98445634679803,1
16,פריקה,450.0,SG6–SG7,מקטע תחתון,2.5,111.44795629830458,115.96359141638054,1
17,פריקה,225.0,SG1–SG2,מקטע עליון,4.5,102.64059223777801,59.33298423335756,1
17,פריקה,225.0,SG2–SG3,מקטע עליון,3.8000000000000007,101.34304506948428,69.37450696643361,0
17,פריקה,225.0,SG3–SG4,מקטע עליון,3.1999999999999993,12.702064050328886,10.32556623429702,0
17,פריקה,225.0,SG5–SG6,מקטע תחתון,2.099999999999998,127.27753495419955,157.66017984393446,1
17,פריקה,225.0,SG6–SG7,מקטע תחתון,2.5,69.03393855237047,71.83104751354148,1
18,פריקה,0.0,SG1–SG2,מקטע עליון,4.5,47.08189307059307,27.216417582262768,1
18,פריקה,0.0,SG2–SG3,מקטע עליון,3.8000000000000007,44.69604176527994,30.59673072475205,1
18,פריקה,0.0,SG3–SG4,מקטע עליון,3.1999999999999993,-23.078002404918124,-18.760214201650008,1
18,פריקה,0.0,SG5–SG6,מקטע תחתון,2.099999999999998,42.92724344086113,53.1744814473814,1
18,פריקה,0.0,SG6–SG7,מקטע תחתון,2.5,31.28369963829381,32.55124888192376,1
