שורת מקור,חותמת זמן,עומס רשום (tf),SG1-1 תדירות (Hz),SG1-2 תדירות (Hz),SG1-3 תדירות (Hz),SG2-1 תדירות (Hz),SG2-2 תדירות (Hz),SG2-3 תדירות (Hz),SG3-1 תדירות (Hz),SG3-2 תדירות (Hz),SG3-3 תדירות (Hz),SG4-1 תדירות (Hz),SG4-2 תדירות (Hz),SG4-3 תדירות (Hz),SG5-1 תדירות (Hz),SG5-2 תדירות (Hz),SG5-3 תדירות (Hz),SG6-1 תדירות (Hz),SG6-2 תדירות (Hz),SG6-3 תדירות (Hz),SG7-1 תדירות (Hz),SG7-2 תדירות (Hz),SG7-3 תדירות (Hz),SG1-1 עיבור לחיצה (με),SG1-2 עיבור לחיצה (με),SG1-3 עיבור לחיצה (με),SG2-1 עיבור לחיצה (με),SG2-2 עיבור לחיצה (με),SG2-3 עיבור לחיצה (με),SG3-1 עיבור לחיצה (με),SG3-2 עיבור לחיצה (με),SG3-3 עיבור לחיצה (με),SG4-1 עיבור לחיצה (με),SG4-2 עיבור לחיצה (με),SG4-3 עיבור לחיצה (με),SG5-1 עיבור לחיצה (με),SG5-2 עיבור לחיצה (με),SG5-3 עיבור לחיצה (με),SG6-1 עיבור לחיצה (με),SG6-2 עיבור לחיצה (με),SG6-3 עיבור לחיצה (με),SG7-1 עיבור לחיצה (με),SG7-2 עיבור לחיצה (με),SG7-3 עיבור לחיצה (με)
2,2020-03-01 15:30:00,0.0,863.90328,754.66888,768.3724,1051.717,945.44528,921.79792,930.18656,1051.2218,803.41064,889.82096,884.17856,832.4152,789.89608,614.73444,846.594,554.8946,829.84376,778.11408,862.5192,903.33872,745.73344,0.13792346520505844,0.007580022611167281,-0.05483558666908182,-0.06949712895983456,-0.040983473628641104,-0.28116462866763026,-0.08851140303691103,0.0027785899891164152,-0.1588404525109669,0.030105363559340126,-0.39588292435874606,-0.1064903706904035,0.12527310222342516,-0.10545158142312708,-0.34951853814586253,-0.0727468908340307,-0.13862348775527625,-0.013985611281912773,0.07933805428532696,-0.19387815270558836,-0.05913320308168977
3,2020-03-01 15:35:00,0.0,863.8992,754.66592,768.35288,1051.7346,945.4484,921.73616,930.18168,1051.2282,803.41104,889.8328,884.17328,832.38424,789.89416,614.73552,846.61752,554.8946,829.8448,778.11016,862.53488,903.33696,745.702,0.1612147955323793,0.022341075461248867,0.044274096476974896,-0.1918136808799729,-0.06047571331078838,0.09501779176761675,-0.05851571851241961,-0.04167897673054412,-0.16096402804329993,-0.03951355255364068,-0.36503381430763376,0.06380502725839335,0.13529478597276004,-0.10983872367084538,-0.4810981408216627,-0.0727468908340307,-0.14432644319744034,0.0061701070828977965,-0.01003133942245692,-0.18337226135954446,0.09579376960983965
4,2020-03-01 15:40:00,0.0,863.90744,754.67232,768.37128,1051.7258,945.43736,921.74688,930.17768,1051.2336,803.41808,889.82648,884.172,832.42904,789.9044,614.739,846.60112,554.88044,829.8376,778.13912,862.52048,903.33288,745.71976,0.11417532887058332,-0.009574787226361223,-0.04914889741587452,-0.13065514905681086,0.00849653821240086,0.029723687191766685,-0.03392920921029802,-0.07919025918120703,-0.1983391304675825,-0.0023519888230059296,-0.35755526991739867,-0.18261930259674972,0.0818455244846465,-0.12397512334423978,-0.3893500728824269,-0.020826465106817425,-0.10484459052045642,-0.14273780002535133,0.07204265447359531,-0.1590177737824386,0.008278572498138063
5,2020-03-01 15:45:00,0.0,863.89048,754.67384,768.36472,1051.7326,945.4632,921.72928,930.17728,1051.2306,803.42288,889.82672,884.19632,832.39896,789.89736,614.7364,846.60408,554.8886,829.85688,778.13584,862.53976,903.3272,745.69384,0.2109939366676314,-0.017154844389785078,-0.01584131253566779,-0.17791396962269393,-0.1529397778218314,0.13692256328620017,-0.03147056409505475,-0.05835063403160125,-0.22382234261983633,-0.003763182624760084,-0.4996494646775517,-0.017161503899812698,0.11859196619031485,-0.11341343786789895,-0.40590934882492197,-0.05074654867734713,-0.2105689877548823,-0.12587226153064426,-0.03784561488171294,-0.12511268992535024,0.1360027559497049
6,2020-03-01 15:50:00,0.0,863.89336,754.66336,768.37792,1051.725,945.44712,921.77944,930.18488,1051.224,803.41768,889.8212,884.17064,832.3768,789.89016,614.732,846.59736,554.89416,829.85,778.12704,862.52368,903.33992,745.72072,0.19455317498250305,0.0351073447504947,-0.08286296194513142,-0.12509530790209397,-0.052478889249436556,-0.1685996297075348,-0.07818500207793339,-0.012503668040579183,-0.19621553632693364,0.02869417851229105,-0.34960932836543585,0.10472778360097389,0.1561732155458536,-0.09553991805598047,-0.3683154004371482,-0.07113352432671934,-0.17284132761791535,-0.08062360704167838,0.053804107578623105,-0.2010412721776003,0.0035479619257543235
7,2020-03-01 15:55:00,0.0,863.91104,754.66568,768.36496,1051.7256,945.44816,921.80824,930.18784,1051.2248,803.41544,889.8296,884.1872,832.38816,789.89712,614.73724,846.59856,554.8958,829.844,778.1172,862.52072,903.33088,745.7084,0.09362396474213898,0.023537915047095154,-0.017059877702401947,-0.12926518837195636,-0.05897630797493737,-0.34402658411488213,-0.09637914961975906,-0.018060860709499568,-0.1843234286788972,-0.02069753793087974,-0.44636368362835327,0.04224342786081601,0.11984468002137541,-0.11682566982954089,-0.3750285836207298,-0.07714698781206784,-0.13993955376207268,-0.030027990307436324,0.07067476580378226,-0.14707933965569456,0.06425700185571612
8,2020-03-01 16:00:00,0.0,863.92632,754.66776,768.37144,1051.718,945.43832,921.74368,930.1752,1051.2228,803.40864,889.83136,884.20048,832.38944,789.8888,614.72896,846.60784,554.8882,829.8616,778.1164,862.52904,903.33664,745.72872,0.0063938882818454865,0.013165292660485953,-0.04996128108778875,-0.07644687819963321,0.002498983096046373,0.04921454418438766,-0.01868562653979007,-0.004167886968782171,-0.14822259070900734,-0.0310463375995215,-0.5239554420703343,0.03520288361695409,0.16327185751654674,-0.08319101546023507,-0.42694418823578484,-0.04927986765846237,-0.23645209828347433,-0.025914553655954076,0.0232543899371298,-0.18146210149573255,-0.035874029671940956
9,2020-03-01 16:05:00,0.0,863.88968,754.66288,768.37032,1051.726,945.45568,921.76848,930.1884,1051.2162,803.42048,889.82536,884.18608,832.39728,789.88784,614.73332,846.59104,554.8918,829.85872,778.1352,862.53232,903.32904,745.70544,0.21556080518692639,0.037501015421342106,-0.04427459893958177,-0.13204511000783367,-0.10595785605576168,-0.10184136739546712,-0.099821292154002,0.04167873884073272,-0.21108071751267835,0.004233577217343263,-0.4398198536730148,-0.007920686114450915,0.16828265625426173,-0.10090196056711673,-0.33295945936404914,-0.062480034890487327,-0.22065899638436268,-0.12258143304040003,0.004559692971309647,-0.1360960036043394,0.07884279058500844
10,2020-03-01 16:10:00,0.0,863.8996,754.66048,768.36648,1051.7346,945.43832,921.73472,930.17864,1051.2378,803.40928,889.82712,884.1744,832.43504,789.89944,614.73516,846.59168,554.89416,829.814,778.13128,862.54672,903.334,745.71808,0.15893133663832024,0.04946934593664948,-0.024777465932710095,-0.1918136808799729,0.002498983096046373,0.10378858378153108,-0.03982996180019248,-0.10836583430560678,-0.15162030360961706,-0.00611517313978076,-0.3715775495305322,-0.21562356811843064,0.10773509704564418,-0.10837634206527749,-0.3365397958164727,-0.07113352432671934,0.024565747198432682,-0.10242516759633459,-0.07751542756231967,-0.16570330843770226,0.016557126345265655
11,2020-03-01 16:15:00,0.0,863.93008,754.6708,768.38216,1051.7286,945.4496,921.7384,930.18672,1051.2252,803.3916,889.83696,884.1868,832.42344,789.90168,614.7616,846.60656,554.8864,829.83984,778.1332,862.53576,903.3372,745.74032,-0.015071340889615937,-0.001994745330302976,-0.10439137243537977,-0.1501146264024321,-0.06797274570150673,0.08137431028842831,-0.08949487076814845,-0.020839458629814907,-0.0577594801088646,-0.06397447272317204,-0.4440266005498292,-0.1518155360707063,0.09604305214846785,-0.21578242494646457,-0.41978338135214055,-0.04267981615736289,-0.11712779686693102,-0.11229761145288962,-0.015047016809485851,-0.1848048817017544,-0.09303666868687421
12,2020-03-01 16:20:00,0.0,863.92872,754.67208,768.3628,1051.7162,945.45728,921.74904,930.18304,1051.2224,803.40344,889.828,884.16184,832.39088,789.89336,614.85844,846.59872,554.88208,829.83592,778.14,862.54584,903.32208,745.75456,-0.007307311043208465,-0.008377937491118906,-0.006092804901382886,-0.06393733432533033,-0.1159539783271579,0.016567320469098163,-0.06687515575969964,-0.0013892953934259713,-0.12061627372492197,-0.011289555993950925,-0.29819470784254,0.02728225840157177,0.13947048034568318,-0.6092108659877516,-0.3759236754305027,-0.026839779906995126,-0.09563220751985628,-0.1472627126919599,-0.07249968644183781,-0.09455054351357184,-0.16320995163609087
13,2020-03-01 16:25:00,0.0,863.91344,754.6704,768.35184,1051.7092,945.446,921.79232,930.17496,1051.2264,803.40504,889.82608,884.17528,832.4112,789.88704,614.87608,846.60008,554.88928,829.84896,778.13712,862.54136,903.30784,745.74496,0.07992300774521381,0.0,0.049554459767919966,-0.015289311673384159,-0.045481677076667545,-0.24705378461139182,-0.01721044327738881,-0.02917525873341225,-0.12911050607355032,0.0,-0.37671906159268503,-0.08448802498805709,0.17245831721729782,-0.6808829419338749,-0.3835319626468271,-0.05323990883587114,-0.16713833643958437,-0.13245392663118802,-0.04696508371497691,-0.00955048467278201,-0.11590197326079754
14,2020-03-01 16:30:00,0.0,863.91464,754.66816,768.37704,1051.7274,945.44408,921.74256,930.18856,1051.2324,803.41568,889.83632,884.18216,832.40848,789.89712,614.89068,846.58768,554.89332,829.82496,778.12936,862.54816,903.3284,745.74104,0.07307251497405488,0.011170554309022612,-0.07839481616363674,-0.14177484405385515,-0.0334864754936248,0.056036328145938924,-0.10080476183034479,-0.07085440198528581,-0.18559758148377947,-0.060211246792604214,-0.4169165141065204,-0.06952649030248728,0.11984468002137541,-0.7402049228092628,-0.31416273739459644,-0.06805346454601316,-0.03553283327901736,-0.09255274809994547,-0.08572301497849635,-0.1322757180481823,-0.09658472386460379
15,2020-03-01 16:35:00,0.0,863.93216,754.66184,768.37032,1051.7318,945.45376,921.72904,930.18928,1051.2362,803.3924,889.82624,884.17176,832.44664,789.8884,614.8836,846.60392,554.88984,829.85272,778.1484,862.53488,903.32344,745.74032,-0.026945763118343426,0.04268729665129259,-0.04427459893958177,-0.1723540925198756,-0.09396253165914212,0.13838435199560783,-0.10523037746650073,-0.09725131575131789,-0.06200653157736547,-0.0009407954020416363,-0.35615304404919873,-0.2794324893389437,0.16535969106361548,-0.7114376493239705,-0.4050142513483036,-0.055293266555119305,-0.18775687679786607,-0.19045531843049918,-0.01003133942245692,-0.10266859675860963,-0.09303666868687421
16,2020-03-01 16:40:00,0.0,863.9132,754.67232,768.3812,1051.7116,945.45352,921.73912,930.19432,1051.2378,803.39,889.82848,884.17576,832.422,789.8948,614.91468,846.61728,554.8908,829.87224,778.10768,862.52368,903.31448,745.73216,0.08129310515815298,-0.009574787226361223,-0.0995170049399631,-0.0319685972500313,-0.09246311782244593,0.0769888984858077,-0.13620978283440413,-0.10836583430560678,-0.04926538985870405,-0.014111948798894882,-0.37952352487355656,-0.14389460103007684,0.1319542274297951,-0.8377235686358288,-0.47975547335481455,-0.05881331318021798,-0.294799311146263,0.01892163156638108,0.053804107578623105,-0.04918517683717888,-0.05282561608390976
17,2020-03-01 16:45:00,0.0,863.90256,754.65344,768.36728,1051.7096,945.4444,921.75744,930.17008,1051.217,803.382,889.82984,884.09688,832.41208,789.90248,614.69452,846.54256,554.86944,829.8176,778.11808,862.52048,903.29928,745.72544,0.14203370796157977,0.08457622920598834,-0.02883936060753651,-0.018069189959220588,-0.03548567406596337,-0.034596620973738834,0.0127848671826059,0.03612158740558475,-0.006795192354341038,-0.022108736680209636,0.08132284179190732,-0.08932853197052795,0.09186731379316189,0.05670478726746934,-0.06175684103355557,0.019506284531718585,0.004825425095369107,-0.03455277550867759,0.07204265447359531,0.04154441148126404,-0.019710961965860797
18,2020-03-01 16:50:00,0.0,863.93456,754.66472,768.37408,1051.7112,945.44552,921.76232,930.16312,1051.2228,803.39384,889.82648,884.10312,832.3772,789.93072,614.7234,846.54232,554.87128,829.81144,778.0972,862.5192,903.31176,745.73792,-0.04064705506187677,0.028325269582966342,-0.06336563609088863,-0.029188713676216078,-0.042482874396936966,-0.06432064869472384,0.05556479179611336,-0.004167886968782171,-0.06965123487855214,-0.0023519888230059296,0.04486793312043976,0.10252764471446163,-0.055538959739284584,-0.06060568053826596,-0.06041429244737886,0.01275977118853992,0.03860325748019013,0.07280665724434424,0.07933805428532696,-0.03294924361379817,-0.08120984283488522
19,2020-03-01 16:55:00,0.0,863.92744,754.6704,768.3616,1051.707,945.43872,921.75176,930.17216,1051.2222,803.38072,889.82608,884.1108,832.39584,789.92008,614.70848,846.53152,554.87476,829.81848,778.11136,862.53312,903.30624,745.72144,0.0,0.0,0.0,0.0,0.0,0.0,0.0,0.0,0.0,0.0,0.0,0.0,0.0,0.0,0.0,0.0,0.0,0.0,0.0,0.0,0.0
20,2020-03-01 17:00:00,45.0,863.92552,754.65136,768.36008,1051.7096,945.44624,921.7816,930.18624,1051.217,803.39056,889.82272,884.1128,832.43376,789.92752,614.3698,846.5412,554.87584,829.83176,778.1036,862.52976,903.33024,745.73016,0.010960946265251374,0.09494865476962644,0.007717539214191026,-0.018069189959220588,-0.046981078987332996,-0.18175646116807403,-0.0865444680829253,0.03612158740558475,-0.05223831952207908,0.01975666437460389,-0.011684421548776329,-0.20858263817905726,-0.03883543453939073,1.3753370220994716,-0.05414907074331399,-0.003959945260866079,-0.07282067273867131,0.03989985760775488,0.01915068205888383,-0.143259046317962,-0.042970033072759393
21,2020-03-01 17:05:00,45.0,863.88816,754.66112,768.3616,1051.7206,945.43424,921.7504,930.16056,1051.2162,803.38976,889.81936,884.11568,832.39624,789.91008,614.71184,846.53928,554.88184,829.81224,778.1232,862.51016,903.28824,745.72616,0.22423784372187872,0.04627779485425632,0.0,-0.09451625714909286,0.02798855028337054,0.008283666345649398,0.07129985595933627,0.04167873884073272,-0.04799127778025902,0.03951325414708909,-0.028510035014668478,-0.0022001892130849884,0.05219758848651964,-0.013648335917575284,-0.04340870996387396,-0.025959781509179155,0.03421654016914777,-0.060878899997202675,0.13086150721412618,0.10744178691477979,-0.023258946348216382
22,2020-03-01 17:10:00,45.0,863.94168,754.66376,768.35952,1051.7184,945.44768,921.75176,930.17472,1051.2256,803.40504,889.82624,884.1192,832.41864,789.93296,614.74072,846.54984,554.87304,829.81664,778.10904,862.54304,903.35,745.73072,-0.08129444511228706,0.0331126180288922,0.010560839287227019,-0.07922677974519134,-0.055977498444066374,0.0,-0.0157352603946235,-0.02361805760711059,-0.12911050607355032,-0.0009407954020416363,-0.0490747481278684,-0.1254124725553412,-0.06723146764077619,-0.13096210905527045,-0.10248099570212606,0.006306563578102737,0.010089519362973047,0.01192886510754749,-0.05654054419550579,-0.2612118514142381,-0.045729593651675615
23,2020-03-01 17:15:00,45.0,863.94368,754.66512,768.35336,1051.7052,945.43496,921.72928,930.15984,1051.2302,803.39584,889.8212,884.10216,832.39312,789.92136,614.7386,846.54672,554.87928,829.81936,778.09504,862.53784,903.29664,745.72384,-0.09271231157087907,0.026330539266553706,0.04183700331744365,0.012509413036445155,0.023490399360882114,0.13692256328620017,0.07572533495231996,-0.055572021837435655,-0.08026890108453015,0.02869417851229105,0.050476397355211894,0.014961258609458803,-0.006681339031031355,-0.12235024574809195,-0.08502774367569015,-0.01657315561350202,-0.004825430212184787,0.08391264103200845,-0.026902274611852132,0.05730255278898403,-0.011826564492059871
24,2020-03-01 17:20:00,45.0,863.51264,754.16328,767.8632,1051.0226,944.6748,920.92648,928.78616,1049.9016,801.72176,886.99112,881.50608,829.92592,786.3472,610.35296,842.84736,552.1866,828.36272,775.61104,861.9848,902.81792,745.27536,2.3674552476879636,2.5280877670882003,2.5297222708168308,4.75481328874554,4.770630798735101,5.024477045085589,8.512809628941646,9.16775447428522,8.797893876969416,16.64292759748671,15.194889829321689,13.565569019861229,18.60751292526629,17.62941580880348,20.563904680363205,9.832565448404171,7.975571405704801,12.835389743619075,3.124221648115926,2.914017480576544,2.197503128805694
25,2020-03-01 17:25:00,90.0,863.30424,753.886,767.59936,1050.6642,944.25832,920.534,928.06936,1049.3238,801.03424,886.15408,880.81832,829.45648,785.8464,609.8852,842.58488,552.10724,828.37656,775.66592,861.9944,902.86184,745.30008,3.55646122695257,3.9096616590883935,3.8682269946245076,7.243533279039045,7.3698970673963995,7.412398141050484,12.910413926317664,13.17528324322569,12.438660041086154,21.54670278340594,19.199523611074603,16.139320505481372,21.20893237459001,19.515268308891542,22.025568688752557,10.122117300610633,7.8998130922215495,12.554106744736881,3.0695397862579914,2.6519922570603023,2.0757605586129424
26,2020-03-01 17:30:00,90.0,863.242,753.87424,767.582,1050.6446,944.24936,920.53384,928.05408,1049.3116,801.03128,886.14552,880.83168,829.45712,785.83408,609.63116,842.58744,552.09956,828.3704,775.63864,861.98056,902.826,745.30864,3.911509853230815,3.9682457435239513,3.9562810673700906,7.37961067483218,7.425804146593775,7.413371403153034,13.004120540920658,13.259876717836764,12.454327985540678,21.59682738604519,19.121761843298067,16.135812633139505,21.27290806859935,20.538867121747547,22.01131509682861,10.15013623898286,7.933532266669573,12.693930664799957,3.1483726098853206,2.865813432681585,2.033602805047608
27,2020-03-01 17:35:00,90.0,863.24696,753.8764,767.58864,1050.6628,944.23944,920.48504,928.06032,1049.292,801.01056,886.13376,880.82296,829.46832,785.81456,609.61884,842.58488,552.10364,828.3532,775.66848,861.99808,902.8472,745.32184,3.8832164283927386,3.957485469996454,3.922601634174002,7.253253177209105,7.487700651186672,7.710208450473745,12.96585310458025,13.395778929207275,12.564001975620293,21.665689368360788,19.172516663732978,16.074424429017842,21.374270101719056,20.58849703438775,22.025568688752557,10.13525122650174,8.027681880789409,12.540985186061185,3.0485782444120675,2.739335414522063,1.968592236049598
28,2020-03-01 17:40:00,90.0,863.242,753.8724,767.5716,1050.6678,944.24936,920.50336,928.04344,1049.3004,801.01672,886.12808,880.82656,829.4288,785.8044,609.63084,842.57968,552.1042,828.33688,775.65568,861.98888,902.8552,745.3092,3.911509853230815,3.9774118781373824,4.009031401311926,7.218539195698198,7.425804146593775,7.598774748133529,13.06937083255321,13.337535435173347,12.531396491120567,21.69894891007928,19.151562899682286,16.29103339427589,21.4270272128046,20.540156223074803,22.05452116402454,10.133208176987889,8.117012730466659,12.60659254637697,3.100981931237595,2.691607088686009,2.0308448042951226
29,2020-03-01 17:45:00,90.0,863.24288,753.8704,767.59336,1050.6324,944.23656,920.50016,928.03816,1049.296,801.00976,886.12456,880.8168,829.48696,785.80456,609.60548,842.56584,552.11272,828.34088,775.64416,861.986,902.88344,745.3212,3.9064900639125497,3.987375042559737,3.8986606551059846,7.464310629170541,7.505670482333631,7.618239310149626,13.101750398795513,13.368043990198592,12.568236435730086,21.719560350062498,19.208370683578142,15.972255080128868,21.426196397443714,20.642315351555638,22.13157841987033,10.102124382352686,8.095118077190378,12.66563824499056,3.1173864486875558,2.5231227171102004,1.9717442901963693
30,2020-03-01 17:50:00,135.0,863.05576,753.60456,767.3316,1050.3048,943.84848,920.1,927.36096,1048.672,800.25336,885.04592,879.65592,828.53888,784.62032,607.59632,841.29848,551.23656,827.87728,774.87256,861.8328,902.72848,745.21512,4.973764668924052,5.311443604242236,5.226148242783788,9.73834488545376,9.926603934170062,10.051749496474438,17.253148041342595,17.693416223926572,16.57002611652042,28.031704748974274,25.960747458801304,21.16594860136015,27.57084330492464,28.722423020239884,29.18252020817254,13.296135891416833,10.632004406766647,16.618473473597312,3.9899366373760183,3.447574063909117,2.4941598608919575
31,2020-03-01 17:55:00,135.0,863.03192,753.596,767.3272,1050.3054,943.83744,920.08056,927.36816,1048.6686,800.2288,885.04832,879.67096,828.55984,784.62104,607.89952,841.31168,551.255,827.866,774.87808,861.8356,902.73816,745.23408,5.109724038605882,5.354070612208382,5.248458498554912,9.734180635792809,9.99545946781744,10.169943852200062,17.20902626125277,17.71697690929077,16.699899225991597,28.017668609688712,25.87332270598774,21.05119146593825,27.567110268038107,27.50477234921445,29.10913686778676,13.228965755230586,10.693712501758485,16.590208997444915,3.973990636274336,3.3898303298925696,2.4007923996792786
32,2020-03-01 18:00:00,135.0,863.05056,753.6004,767.31096,1050.2738,943.8356,920.0748,927.35288,1048.672,800.24656,885.05104,879.6708,828.5356,784.62832,607.6416,841.30352,551.25948,827.89736,774.89,861.83128,902.7116,745.254,5.003420556386432,5.332159593823554,5.330802516920267,9.953494547979389,10.006935311789812,10.204963922462612,17.302662075523426,17.693416223926572,16.605984868322796,28.00176093915254,25.874252764416152,21.183906516348056,27.529364924871963,28.54061720538948,29.154501250452146,13.212646424098516,10.522153164202365,16.529173427308145,3.998593016279372,3.5482662014396604,2.302694913161694
33,2020-03-01 18:05:00,135.0,863.06224,753.59008,767.31896,1050.2804,943.84544,920.10504,927.36768,1048.6626,800.2296,885.05872,879.67208,828.53,784.63256,607.92316,841.31048,551.26436,827.8644,774.91208,861.82336,902.71904,745.2308,4.9368086206335375,5.383550689633858,5.2902391788751375,9.907689022872,9.945564233932934,10.021106107715369,17.211967723916334,17.758554402998584,16.695668894348554,27.956844899623114,25.866812292255123,21.21456620690609,27.507381211974483,27.409808622109775,29.11580812812675,13.19486985891399,10.702465354944747,16.416111770031407,4.043697059329394,3.5038855387507133,2.4169447464391385
34,2020-03-01 18:10:00,180.0,863.03848,753.60088,767.30928,1050.2776,943.84312,920.0744,927.3628,1048.664,800.2316,885.05056,879.6932,828.52624,784.64144,607.66084,841.32928,551.26656,827.89984,774.9068,861.84888,902.75912,745.23864,5.072312774499366,5.3297692931699014,5.339320764179198,9.927121705042843,9.960033895298407,10.207395863645328,17.241872507904894,17.748853009078736,16.685093046739368,28.004568178681897,25.744042938521307,21.2351518828577,27.461339466066118,28.46336169319339,29.01129062290625,13.186855782162542,10.508585694409392,16.44314854637102,3.8983603255032833,3.264796321137291,2.3783365799656826
35,2020-03-01 18:15:00,180.0,863.0168,753.60984,767.32336,1050.2866,943.83744,920.10872,927.36136,1048.6822,800.22024,885.0572,879.69144,828.526,784.63696,607.94664,841.3088,551.27448,827.8612,774.89944,861.84992,902.70784,745.23208,5.195951356965984,5.2851500681688925,5.267929162683531,9.864659327991133,9.99545946781744,9.99873146386777,17.2506968403245,17.622733709503756,16.745163509848865,27.965734563382608,25.75427383057891,21.236465859002042,27.48456779940041,27.315483972035167,29.125147876616563,13.158004841040869,10.719971010568367,16.48083586662362,3.892437420634383,3.570694999359279,2.4106414000641827
36,2020-03-01 18:20:00,180.0,862.82264,753.31864,767.04512,1049.883,943.41184,919.65336,926.64688,1048.0232,799.43016,883.9684,878.48064,827.57504,783.44472,605.85656,839.97,550.36848,827.39104,774.08664,861.67392,902.59384,745.14888,6.303085365620847,6.735003330603195,6.678481716815218,12.665223728641102,12.649276189766105,12.76667088058158,21.627346411693864,22.18796585831707,20.920929817506543,34.32961876549992,32.78781169932779,26.43988869087679,33.661493935347956,35.697552869649115,36.56210845039822,16.45568931693615,13.291254141564151,20.64062435338646,4.8946734276901,4.250672708941682,2.8203363952255116
37,2020-03-01 18:25:00,180.0,862.80456,753.3292,767.0396,1049.8946,943.41248,919.6572,926.65312,1048.0196,799.43496,883.96952,878.50304,827.59712,783.46016,605.9178,839.9744,550.38788,827.40008,774.11272,861.67864,902.60376,745.15152,6.406167984240588,6.682436025869767,6.706460476665474,12.584746812431792,12.64528638653241,12.743334885355187,21.58913699972631,22.212897029797194,20.89557309579494,34.32307654658572,32.65777803996416,26.31914004180508,33.5815602258568,35.452366129440264,36.53768609068934,16.385133476075445,13.24182857562517,20.507218615510265,4.8677979513193455,4.191506130067538,2.8073371605682027
38,2020-03-01 18:30:00,180.0,862.81624,753.3156,767.0436,1049.8778,943.40896,919.66456,926.63192,1048.0144,799.43824,883.98032,878.49424,827.60264,783.474,605.94068,839.99032,550.39044,827.40616,774.10128,861.67112,902.6052,745.16312,6.3395750351217295,6.750136205970838,6.686186033094176,12.701299298993588,12.667230270825147,12.698607288815166,21.71894997969558,22.248908570745332,20.87824591506222,34.25999043885479,32.70886308728,26.2889523761668,33.50990846342582,35.360755057478336,36.44932048400557,16.375822828858045,13.208586298338178,20.56573763671085,4.910616437323943,4.182917379085802,2.750218765549538
39,2020-03-01 18:35:00,180.0,862.79104,753.34128,767.0228,1049.8712,943.40496,919.65584,926.63488,1048.027,799.4304,883.988,878.50912,827.63272,783.48888,605.93288,839.9872,550.40356,827.402,774.12288,861.68272,902.6056,745.15616,6.483250477740619,6.622301311537745,6.7916119851149155,12.74708726558662,12.692166403592134,12.751599728141404,21.70082532691459,22.16164952884614,20.919661985036775,34.215128737765454,32.6224826174502,26.124447935472904,33.43287105253596,35.39198649336817,36.46663849867093,16.32810508216495,13.231331040766092,20.455246452018287,4.8445664887105195,4.180531612492409,2.7844899092615942
40,2020-03-01 18:40:00,180.0,862.81512,753.30936,767.05264,1049.8794,943.40536,919.67048,926.64048,1048.005,799.426,883.9852,878.50392,827.61232,783.48024,605.9488,839.99008,550.40344,827.38032,774.11776,861.67696,902.61168,745.17552,6.3459606994568665,6.781198232506504,6.640365401142564,12.690199142531252,12.68967279507304,12.662630484020491,21.666535284893282,22.314005902862043,20.94290551983734,34.23148461143386,32.65266950708797,26.236014099561128,33.47760263053823,35.3282419048021,36.45065264126338,16.328541530124152,13.349864289791402,20.481437233840413,4.877363815714981,4.14426783010226,2.6891601876043376
41,2020-03-01 18:45:00,180.0,862.81384,753.3128,767.04168,1049.8716,943.4044,919.66456,926.62816,1047.9996,799.42024,883.97544,878.51288,827.59592,783.47848,605.96624,839.99704,550.4112,827.38504,774.12112,861.69128,902.6132,745.18336,6.353258591404001,6.7640743266248196,6.695917779203052,12.744312245503222,12.695657453741848,12.698607288815166,21.741973103800184,22.351401978533378,20.97333322658433,34.288496108909904,32.60065506286379,26.3257025511705,33.486714558173304,35.25840922722705,36.41201992625033,16.300317699536723,13.324058422573826,20.464249552808155,4.795825611632936,4.135201846336693,2.6505548850068092
42,2020-03-01 18:50:00,225.0,862.80608,753.32328,767.0264,1049.8976,943.40512,919.66344,926.63248,1048.0084,799.4312,883.97608,878.51248,827.6068,783.48864,605.94428,839.99368,550.40864,827.40816,774.14304,861.69008,902.58936,745.17664,6.3975018295579895,6.711905666250172,6.773365390310464,12.563933672145536,12.691168960311042,12.705413685292674,21.715520995772316,22.290460126732512,20.91543587405586,34.28475766934413,32.60297714757935,26.26620211828892,33.43411360302985,35.3463404130101,36.430670242428626,16.30962869794027,13.197651285311775,20.352118564728688,4.8026584740493075,4.277392886252923,2.683645169243401
43,2020-03-01 18:55:00,225.0,862.82032,753.30344,767.032,1049.8908,943.41128,919.62544,926.646,1048.0062,799.4176,883.9872,878.49752,827.60536,783.47904,605.96532,840.01824,550.4148,827.416,774.11056,861.68064,902.59032,745.18344,6.316312902088943,6.810667096757937,6.74498162816966,12.611110038087295,12.65276726537566,12.936340082754537,21.632734897808422,22.30569563765648,20.98727918557451,34.21980184981424,32.68982235673765,26.27407722049528,33.48381531069109,35.26209311135118,36.29434359196568,16.287224034762257,13.154785779358209,20.518267727699065,4.856409993196503,4.271667145137054,2.6501609512540054
44,2020-03-01 19:00:00,225.0,862.45176,752.92736,766.6408,1049.3428,942.81976,919.04624,925.6428,1047.0958,798.3028,882.47024,876.87272,826.31216,781.9152,603.09612,838.09232,549.05492,826.70088,772.94016,861.41584,902.37888,744.9888,8.417215083956103,8.682261771446353,8.727291757255278,16.411965600378448,16.339183408691515,16.454963419587752,27.772280972033005,28.60768200173943,26.87216145671797,43.07334984892948,42.11324522664357,33.34082485669408,41.572093638533524,46.723798243724,46.97256329478478,21.22718933564435,17.063061156255657,26.500715337220317,6.363945725071642,5.532614585126273,3.6084766515721807
45,2020-03-01 19:05:00,225.0,862.43664,752.90016,766.64584,1049.3322,942.7908,919.00776,925.64136,1047.0816,798.28232,882.49944,876.90168,826.28664,781.97048,603.19208,838.13688,549.0988,826.70616,772.95192,861.41736,902.38536,745.01552,8.503384436813077,8.81758868367579,8.701759222800085,16.48546623569746,16.51960586781683,16.688649781995824,27.78108893775821,28.705934103980276,26.980195857721135,42.90307122210545,41.94543735755718,33.48016881452006,41.28645755084412,46.34134235034381,46.72577837229048,21.06797953643284,17.03421727203419,26.440649638616254,6.355293518914358,5.493974727128921,3.4769347789897407
46,2020-03-01 19:10:00,270.0,862.47272,752.91344,766.62152,1049.3144,942.79032,919.04208,925.63888,1047.0808,798.29144,882.51944,876.93008,826.28648,781.99552,603.21056,838.16464,549.10948,826.72672,772.96632,861.44336,902.35632,745.04456,8.297760889855354,8.75151791965079,8.824962284293107,16.608890160619428,16.522596248626822,16.48022728183421,27.796258179942278,28.71146939403641,26.932087130829675,42.78643877451541,41.78086900972248,33.48104243077441,41.15706726549701,46.26768191446295,46.57202960612568,21.029227368354828,16.921899179671694,26.367098558960826,6.207292891623893,5.667136370600424,3.3339662560243544
47,2020-03-01 19:15:00,270.0,862.47256,752.92048,766.6464,1049.3186,942.7948,919.06064,925.64824,1047.0784,798.26784,882.53176,876.93312,826.36072,782.00824,603.22228,838.1592,549.1236,826.748,772.95768,861.43448,902.402,745.04136,8.298672764927865,8.716491981738423,8.698922264166384,16.579767850204632,16.494685968527026,16.367510705693554,27.739006311190007,28.728075238828048,27.056577882751785,42.71459187120523,41.76325292712311,33.075666317839364,41.09133706715614,46.220965360371764,46.60215944850776,20.97799207155458,16.805644827165956,26.4112293711823,6.2578413004678275,5.394750116969463,3.3497206364394714
48,2020-03-01 19:20:00,270.0,862.14888,752.54576,766.2656,1048.7928,942.23568,918.4368,924.73136,1046.233,797.26944,881.2672,875.4764,825.18664,780.81464,600.19128,836.54048,547.8726,826.03608,771.84984,861.12648,902.12496,744.82552,10.143049710206508,10.580371916170439,10.627575731404722,20.22469761269819,19.976964000021056,20.1549004531057,33.34449357261892,34.57511599060706,32.31979840759452,50.08393131208649,50.19760499382283,39.48228330335233,47.254570394288606,58.27245899756105,55.55887348580377,25.512210852999242,20.693296566706287,32.06569352719145,8.010774455314595,7.046506113260675,4.412197390260649
49,2020-03-01 19:25:00,270.0,862.16736,752.55008,766.2656,1048.7892,942.24064,918.40744,924.75096,1046.2368,797.25424,881.30912,875.51016,825.17784,780.8812,600.252,836.60008,547.901,826.0348,771.8612,861.15456,902.14768,744.8464,10.037766547169438,10.558889261819154,10.627575731404722,20.24964709203865,19.946081503605377,20.333084336818636,33.224724056747455,34.548844613774634,32.39987666242335,49.83980800548584,50.00229462992105,39.530267980681536,46.91113124052395,58.03162741122416,55.22940132375304,25.4093904713267,20.700283372706043,32.00775274149372,7.850987558417844,6.911064995506151,4.309428618885964
50,2020-03-01 19:30:00,315.0,862.12608,752.48712,766.266,1048.8026,942.22464,918.4716,924.76072,1046.2438,797.27032,881.30736,875.53208,825.28656,780.90336,600.68324,836.60568,547.9284,826.06152,771.88656,861.1428,902.08688,744.83024,10.272941412073054,10.87196685935723,10.625550337642036,20.15677915172232,20.045701876167097,19.943694194800354,33.1650827796218,34.50044972245676,32.31516225135214,49.85005769082162,49.87547770706545,38.93740321114863,46.79678262263689,56.320514513410444,55.19844300149929,25.31018547407617,20.55443155153946,31.878402981182543,7.917907491232691,7.273505407470014,4.388966387442117
51,2020-03-01 19:35:00,315.0,862.13272,752.54856,766.28464,1048.5766,942.23528,918.46104,924.74896,1046.2498,797.25824,881.32488,875.53,825.22832,780.91464,600.70152,836.63168,547.88628,826.05,771.88768,861.15128,902.16232,744.79704,10.235113656933942,10.566447987597277,10.531165815698898,21.722900589878194,19.97945451684188,20.007785215473596,33.23694555221866,34.45896812933001,32.378803585487795,49.74802581996627,49.88751156601902,39.255003470911774,46.73857504017703,56.247954333894505,55.05470521932645,25.46268395419451,20.617314352382607,31.872690275482512,7.869652393482355,6.823789510392645,4.552367774741288
52,2020-03-01 19:40:00,315.0,861.71256,751.8516,765.86624,1048.1014,941.47928,917.63432,923.582,1045.124,795.95336,879.79856,873.6548,823.76024,779.32168,596.80312,834.5448,546.37276,825.13248,770.462,860.59912,901.6544,744.50656,12.628170568652761,14.030714241734493,12.649201386445359,25.01481252790111,24.68464195395935,25.023048257361193,40.36343664577631,42.23813246315822,39.24765422890454,58.629303137187215,60.724867263334325,47.25348237245671,54.95031697578405,71.67218963454926,66.57755314793819,30.934712395292504,25.62285105604239,39.13784626673201,11.010704733137366,9.85089643054034,5.981720828482861
53,2020-03-01 19:45:00,315.0,861.7224,752.01944,765.81424,1048.1074,941.47864,917.6716,923.62704,1045.154,795.926,879.89152,873.76192,823.75288,779.41736,597.3658,834.65024,546.4348,825.1756,770.52056,860.59416,901.73192,744.56576,12.572139354231949,13.196752542205722,12.91235634635272,24.973257284649545,24.68862358145856,24.79698790104018,40.08854947856279,42.030944107798575,39.391556047837206,58.088832207565964,60.10641370936489,47.293545673901015,54.45755791573268,69.45211650058924,65.99604939567969,30.71070852679436,25.38773417235275,38.83969350922185,11.038911373219031,9.389002161673497,5.6904630477223686
54,2020-03-01 19:50:00,360.0,861.762,752.07032,765.78248,1048.1184,941.51104,917.61968,923.64272,1045.1576,795.93336,879.91792,873.78048,823.81312,779.45688,597.1018,834.6972,546.46788,825.21992,770.5512,860.5968,901.69392,744.53544,12.346641412911282,12.943903742794603,13.073074509430239,24.89707205417461,24.487050289410814,25.11182052108324,39.99284849134122,42.00608110550324,39.352846103362346,57.93533177327637,59.99925049490213,46.965625736125816,54.25400934600934,70.49399803149484,65.73704039137522,30.591258285752005,25.146061343062147,38.68368378767027,11.023898181798666,9.61542588273654,5.839637155583143
55,2020-03-01 19:55:00,360.0,861.77848,752.21552,765.78472,1048.1158,941.50632,917.70304,923.64568,1045.1666,795.92744,879.99576,873.80024,823.80512,779.54144,597.0182,834.71184,546.48296,825.19864,770.54072,860.59632,901.67664,744.55344,12.252794771658506,12.22223645048474,13.061739441845575,24.91507954444647,24.516415719178024,24.606333294676183,39.974782306355955,41.94392322509229,39.38398239121439,57.482711259743986,59.8851561225322,47.00917558144569,53.818446667218296,70.82383117082306,65.65629014124077,30.536802753355502,25.262100819647557,38.737045513204734,11.026627856391503,9.7183859345232,5.7510780617116835
56,2020-03-01 20:00:00,360.0,861.20576,751.39816,765.14152,1047.2086,940.53272,916.64896,922.1956,1043.7406,794.2536,878.07352,871.41176,822.02304,776.64072,592.37268,832.23072,544.52752,824.07664,769.01816,859.55536,900.89456,744.23136,15.51314078377181,16.28283156089453,16.31516100885,31.195581433373327,30.570510722850123,30.994794905029085,48.81832660334683,51.78581785352082,48.1782677113217,68.64835159031284,73.6575627989715,56.69979914756492,68.73286362209076,89.07955162613673,79.32125261008069,37.585574634424844,31.37610941883197,46.48185533177633,16.94280029904522,14.376216071576698,7.335371860612485
57,2020-03-01 20:05:00,360.0,861.17656,751.35016,765.10864,1047.15,940.47072,916.58384,922.14568,1043.69,794.13144,878.07584,871.32912,822.1232,776.45472,591.88844,832.2148,544.51452,824.05176,769.09512,859.4276,900.84232,744.4056,15.679310718382164,16.521155422460037,16.481400530711586,31.60107941709606,30.955830515527058,31.38922682129749,49.122524286515926,52.13479951106205,48.81936634419259,68.63489021374698,74.13340523026328,56.15570406840102,69.68730910617035,90.97428528822677,79.40880191181049,37.63235116812713,31.511591374724013,46.09075028548927,17.668415735896808,14.687197586732342,6.478379997292331
58,2020-03-01 20:10:00,360.0,860.93856,751.27664,765.01288,1047.0286,940.3584,916.49552,921.94488,1043.506,793.9232,877.75976,870.98584,821.75552,776.0296,591.16852,831.81224,544.2102,823.93296,768.85312,859.30008,900.77312,744.27656,17.033499387223934,16.8861586186577,16.96551726975084,32.44106618095657,31.653816132737393,31.924136389521657,50.345973628731876,53.4036810985181,49.91198757435676,70.46855905609077,76.10953384002771,58.15271213535153,71.86792311729772,93.78832312361588,81.62205478794527,38.72703478336231,32.15845042669185,47.320444483849386,18.39256053189863,15.09911317576454,7.113076897033281
59,2020-03-01 20:15:00,360.0,861.10416,751.2688,765.02976,1047.0278,940.34504,916.3536,921.96392,1043.5074,793.91232,877.832,871.00488,821.79064,776.12008,591.166,831.83056,544.2314,823.92152,768.88888,859.29448,900.73632,744.34536,16.091296800501205,16.9250795941065,16.880184466053084,32.44660119083291,31.736833090791446,32.783566086774556,50.22997671891609,53.394027409335855,49.969066323468276,70.04953272944601,75.99994840909604,57.96200082422732,71.40391430323201,93.79816733541577,81.52135568708403,38.650795109178524,32.220735634841496,47.13875866729791,18.424358655885506,15.318153664347664,6.77469050756379
60,2020-03-01 20:20:00,405.0,861.12304,751.28728,765.01632,1047.078,940.38816,916.53552,922.02224,1043.5548,794.01632,877.9224,871.14456,821.89792,776.20888,591.38,831.96168,544.3722,824.00376,768.99896,859.40504,900.78296,744.3364,15.983865094434508,16.833336645178445,16.948127325070786,32.099271127561245,31.468887890502252,31.681883007275346,49.87466035341582,53.06717343301891,49.42342863590634,69.52512119604687,75.19594170388956,57.379390285827625,70.94846843754704,92.96204109083985,80.80056681425104,38.14437323092708,31.772959795751596,46.57942221621443,17.79653449573677,15.040542137486948,6.818761204197955
61,2020-03-01 20:25:00,405.0,861.10112,751.24784,765.01592,1047.0218,940.36392,916.4396,921.97152,1043.5008,793.90824,877.82808,871.02408,821.79168,776.08408,591.18316,831.80608,544.25804,823.89016,768.90088,859.28848,900.77424,744.3608,16.108594905886,17.029131636057354,16.950149415678744,32.48811363010392,31.61951536860711,32.26278889575374,50.183674762443204,53.43953754494819,49.99047065271993,70.07227147699106,75.88943966636606,57.956353212402774,71.5885396748391,93.731132110737,81.6559138127097,38.5549878360944,32.391471071478264,47.07778837889334,18.45842784448418,15.092446585789887,6.698746008807298
62,2020-03-01 20:30:00,405.0,860.97816,751.13336,764.86464,1046.844,940.14952,916.22568,921.62568,1043.1478,793.54664,877.294,870.41936,821.428,775.43848,589.9496,831.1348,543.73552,823.6244,768.48304,859.08872,900.60752,744.25112,16.808206558646184,17.597395185716923,17.714828269688986,33.71815760695269,32.9516289660018,33.55810146788248,52.29027098470453,55.87322084691124,51.88704490666455,73.16936046099816,79.36883474329598,59.930843876569796,74.89803411032682,98.54505392375121,85.34416555648221,40.433306533079595,33.838105894592665,49.20021354142042,19.592568893860342,16.084724902447128,7.238193245401453
63,2020-03-01 20:35:00,405.0,860.70104,750.7668,764.6224,1046.3326,939.59272,915.70304,920.85984,1042.4138,792.5852,876.30768,869.0232,820.57768,774.27184,586.89156,829.67272,542.55012,822.75384,767.89824,858.10856,899.82944,744.21408,18.38458374728912,19.41636785655151,18.938969985331124,37.25492610269825,36.40972910938494,36.72148067131647,56.95237724624894,60.93099136328854,56.92554775667349,78.88399986039204,87.39273131487379,64.54398868804726,80.87151428400968,110.43557945817201,93.36704890449475,44.68781115733501,38.57363341278323,52.16877749390555,25.153624089887735,20.71324560486826,7.420351854731984
64,2020-03-01 20:40:00,405.0,860.65152,750.71792,764.45288,1046.2838,939.5516,915.72968,920.83896,1042.389,792.55648,876.21104,868.94272,820.46512,774.17608,586.64808,829.56144,542.44316,822.78056,767.87912,857.99912,899.73752,744.25448,18.666221262749357,19.65885691811869,19.795395997533237,37.59232952647601,36.66503055868918,36.56028060056492,57.079431479047216,61.101818436879604,57.075963245613266,79.44357656406108,87.85486674175985,65.15428961713211,81.36142933180443,111.3796427160039,93.97709806797644,45.07124326891483,38.428360896811675,52.26579635846475,25.7741510540332,21.259780713026515,7.2216686897934865
65,2020-03-01 20:45:00,405.0,860.64016,750.59328,764.45568,1046.2678,939.53424,915.6028,920.81576,1042.3536,792.5024,876.1644,868.89904,820.35032,774.21592,586.65808,829.53768,542.42632,822.73296,767.8372,857.97672,899.69768,744.306,18.730827260742878,20.2771127241246,19.781251758663018,37.70295017425681,36.772810112012216,37.32799627313105,57.22059946996894,61.345653266963566,57.359182073510354,79.71361509594445,88.10566984012577,65.77664960087134,81.15761238703115,111.34087668047746,94.10734239255727,45.13160471246552,38.68715146630723,52.478498720220124,25.90114973956128,21.496642815634612,6.968282828681761
66,2020-03-01 20:50:00,405.0,860.6432,750.72816,764.44552,1046.2716,939.5532,915.6416,920.84288,1042.3738,792.55016,876.19512,869.00568,820.39312,774.29696,586.77716,829.62976,542.5224,822.80184,767.90112,858.01248,899.7396,744.29424,18.713538415269763,19.60805855295193,19.832574892641308,37.67667792358243,36.65509685907471,37.09323953102382,57.05557860519369,61.20651689250435,57.109062301192765,79.53575256730717,87.49333899366393,65.54463010212932,80.74298852457173,110.87919994415276,93.60257003301776,44.78718956401565,38.31266144638041,52.154163564379346,25.69840383095234,21.247414130425216,7.026122450551368
67,2020-03-01 20:55:00,450.0,860.62952,750.70744,764.43144,1046.2894,939.53848,915.63784,920.86464,1042.3782,792.54312,876.17936,868.95536,820.4,774.31088,586.7014,829.64696,542.54408,822.74224,767.83688,858.0732,899.7476,744.29592,18.791337738984843,19.710845152519813,19.90369873806134,37.553611900100734,36.74648625744013,37.11598958875855,56.92316896937515,61.17620960182929,57.145931824500174,79.62700052895026,87.78228766891975,65.50733238050618,80.67176544834908,111.17293458292389,93.50827532815184,44.709465470805235,38.6366993537431,52.48012235771197,25.354124643846628,21.199850084754477,7.017859703377916
68,2020-03-01 21:00:00,450.0,860.48456,750.48304,764.23024,1046.0046,939.25584,915.28736,920.32776,1041.8118,791.82928,875.0592,867.70304,819.14968,772.9708,584.2304,827.97024,541.09456,821.75264,766.7192,857.10512,898.9772,744.04296,19.615661609994515,20.82385419534467,20.91989921403429,39.52241703438467,38.50098435494226,39.236175190931434,60.18917090672763,65.07653275549369,60.882717478329205,86.10834957021123,94.9679988338204,72.28040602199152,87.52254744460716,120.73263724957509,102.69128047602598,49.89924290312514,44.01360296199462,58.14695363860142,30.840184795642937,25.778327068634244,8.261783334370392
69,2020-03-01 21:05:00,450.0,860.25504,750.26952,764.01584,1045.7148,938.89536,914.97672,919.89464,1041.3716,791.27368,874.07128,866.84704,818.2236,772.43416,583.235,827.59952,540.9052,821.08528,766.60512,856.65352,898.56768,744.0888,20.920557091479647,21.882590223907773,22.00247450439384,41.52523668650879,40.73791111582183,41.11467507544391,62.82258157066173,68.10635802266859,63.78882338144863,91.81766482069193,99.87369499927847,77.29038891215002,90.2626409376017,124.57219932503982,104.7191197980214,50.57619111905024,47.63599065641299,58.72489473195945,33.397260755270125,28.210502502501793,8.03639780293214
70,2020-03-01 21:10:00,450.0,860.25144,750.22352,763.94312,1045.6318,938.82064,914.88224,919.85584,1041.3708,791.34376,874.23544,866.9736,818.2232,772.738,583.31976,827.88296,541.02308,820.9088,766.548,856.62128,898.52776,744.07456,20.941021483755776,22.11064115809907,22.369592436481078,42.09875084731932,41.20147202799547,41.685887361726515,63.058428751395645,68.11186312738089,63.42237730248353,90.8694101097549,99.14869054726248,77.29255164024087,88.71146213715375,124.24550911750414,103.16878402957158,50.154806539594475,48.59342085316048,59.014238257291936,33.579760431710035,28.447531627585708,8.106414341330069
71,2020-03-01 21:15:00,450.0,860.20824,750.18384,763.93264,1045.551,938.80536,914.82272,919.82528,1041.3522,791.3044,874.17984,866.88312,818.1836,772.75168,583.1588,827.86944,541.01772,820.8484,766.66352,856.7228,898.60576,744.13104,21.186587511168923,22.307348644103318,22.422496540316885,42.65701969939353,41.296264201921176,42.04570630730693,63.24418179560511,68.23985561971112,63.62819347881594,91.19059819288763,99.66701993957145,77.50665648770236,88.64160798184491,124.865856226818,103.24274662173951,50.17396887621958,48.921052546804276,58.42904502810457,33.0050669966403,27.984388753878882,7.828700413370727
72,2020-03-01 21:20:00,450.0,860.1768,750.14376,763.87384,1045.5434,938.69352,914.76448,919.68136,1041.2158,791.14968,873.89632,866.60808,817.94688,772.45144,583.08936,827.55192,540.71324,820.616,766.46024,856.61552,898.52928,744.05976,21.365297255462156,22.506028506310187,22.719311449780143,42.709527916214945,41.99003638645902,42.39776455108317,64.11888868836266,69.17839737697243,64.43713590234705,92.8281086756141,101.24229914208843,78.78631157077572,90.17443859865455,125.13342826226709,104.97942612705076,51.26219229890303,50.18145032975858,59.45874785487443,33.6123651097803,28.43850666336595,8.17918291907097
73,2020-03-01 21:25:00,540.0,860.19472,750.09792,763.8652,1045.4902,938.70136,914.7192,919.66456,1041.1826,791.116,873.8472,866.54624,817.89128,772.43976,583.05388,827.52584,540.65972,820.56784,766.37888,856.62704,898.48248,744.06952,21.263438049024828,22.733248150041785,22.76292314395008,43.077074746981225,41.94140555102016,42.67146467656783,64.22098563021301,69.40682148818313,64.61320840191739,93.1117543058782,101.59641612353192,79.0868189667786,90.23405706238461,125.27013047642798,105.12204139709925,51.453411565929805,50.442596552736454,59.87079561168833,33.547155534402116,28.716373560181633,8.131195154653364
74,2020-03-01 21:30:00,540.0,860.196,750.16496,763.88144,1045.5234,938.74232,914.79592,919.764,1041.26,791.23056,874.04752,866.73032,818.03896,772.70272,583.4834,827.77536,540.90264,820.68544,766.446,856.66592,898.52576,744.00344,21.256162310222514,22.400939682080022,22.680948903597287,42.84770561035815,41.68732764330994,42.20771391494665,63.6166418182883,68.87427927506255,64.01428035511515,91.95489746077315,100.54223676509135,78.28859180318507,88.89160662013357,123.61465766678977,103.75738778117855,50.585341309394856,49.80488693429184,59.53086949924367,33.32706674314054,28.459406557245387,8.456083624047924
75,2020-03-01 21:35:00,540.0,859.85064,749.7404,763.49008,1045.0094,938.16752,914.20144,918.95408,1040.5196,790.2824,872.77456,865.05488,816.82824,771.49128,580.8142,826.57472,538.72536,819.35984,765.70152,855.53768,897.61664,743.85488,23.218854966501528,24.504926286175582,24.65592190169104,46.39796548115597,45.251840695319466,45.80016088123911,68.53700668274486,73.96689840579717,68.9687186473339,99.30178629467053,110.12880001898358,84.82841844291744,95.07239406553948,133.88264104734122,110.32005320086779,58.3518970102742,56.987928386838654,63.29958762476245,39.709656595390555,33.85453782283075,9.186387334639337
76,2020-03-01 21:40:00,540.0,859.79432,749.5192,763.25728,1044.7002,937.8404,913.89056,918.51432,1040.068,789.74448,872.09416,864.13216,816.2012,770.84784,579.29772,825.94768,537.53868,818.72904,765.11072,854.86512,897.06944,743.7004,23.538848701803794,25.600652368686166,25.830252000679256,48.53280612144492,47.27943845977056,47.67788104537083,71.20678770498623,77.07131486776662,71.77688095522743,103.224323763769,115.40051527715708,88.21163111622836,98.35129253140258,139.6953237240963,113.74365022224697,62.571703070575914,60.40197294886346,66.28773801584128,43.51040806307326,37.09923836754344,9.94563840565754
77,2020-03-01 21:45:00,540.0,859.41128,749.18112,762.9344,1044.2574,937.32256,913.34096,917.76016,1039.3534,788.81504,870.94376,862.8016,815.26152,769.63944,576.94896,824.7936,535.98052,817.79336,764.01176,853.9484,896.32656,743.44048,25.714613692834778,27.274725084915254,27.45838644756456,51.588974486570244,50.48773607510097,50.99591129433842,75.78231479809466,81.98090864294856,76.6244316495557,109.84947424351616,122.9924100793203,93.27683786059062,104.50177056692092,148.66814834989003,120.0380593104268,68.09835236230043,65.46126021544633,71.83992644765291,48.68613572637361,41.50108494720958,11.222758826135278
78,2020-03-01 21:50:00,540.0,859.3652,749.11648,762.82272,1044.1574,937.19992,913.15704,917.65152,1039.131,788.56912,870.72104,862.31992,814.87424,769.14048,575.92616,824.1832,535.08868,817.186,763.24624,853.40592,895.86248,743.10232,25.976294524370733,27.59471734239361,28.021376665818387,52.278986736489294,51.24729738277401,52.10582240251472,76.44112950681465,83.50819893351807,77.90608732247563,111.13110768589782,125.73789046684202,95.36271576103773,107.03854750075115,152.56409521261014,123.36365239995736,71.25440702430406,68.74220181119802,75.70278662955747,51.746318934654234,44.24908481952269,12.883644317106778
79,2020-03-01 21:55:00,540.0,859.06968,748.78616,762.51712,1043.79,936.79288,912.76216,917.23704,1038.6986,788.12136,870.41816,861.8068,814.49984,768.8536,574.6548,823.81104,534.3446,816.61856,762.76456,852.85104,895.23984,742.83688,27.6541710418079,29.229494251341762,29.561515963082353,54.81352437069753,53.7675556396213,54.488069091606455,78.95390281940728,86.47668936042706,80.23864170496466,112.87349270581873,128.6608860809219,97.37828017498165,108.49633752723021,157.39719503375565,125.39005354008543,73.8835449194058,71.80529415187371,78.13138813616136,54.87443995058619,47.93374509744867,14.18683344203008
80,2020-03-01 22:00:00,540.0,859.00488,748.70264,762.41392,1043.6736,936.7156,912.70248,917.11408,1038.5572,788.02776,870.34112,861.6284,814.44272,769.03008,574.57928,823.962,534.53308,816.63744,762.94584,852.99496,895.2532,742.87736,28.022009430644353,29.642726405500877,30.081475969598078,55.61633281178098,54.24592440516596,54.84801917458544,79.69912601192247,87.4471533577038,80.72607275538103,113.31658585147075,129.676736695224,97.68570151256704,107.59961305528961,157.68394971486782,124.56819074902253,73.21791425622798,71.70341242655674,77.21756523470626,54.0632902533047,47.854710156353,13.988125224144271
81,2020-03-01 22:05:00,540.0,858.92392,748.62592,762.33904,1043.577,936.59216,912.54912,916.95752,1038.394,787.8492,870.0676,861.33632,814.2352,768.72416,574.04192,823.59472,534.24804,816.42224,762.56944,852.91104,895.18104,742.7852,28.481541366345063,30.022273561196236,30.458705219032332,56.28251307168101,55.0099450322569,55.772876788667666,80.64784400491753,88.56707202971829,81.65578065666676,114.88941075505525,131.33945333624413,98.80239814399806,109.15391303883065,159.7232547977257,126.56748949355203,74.22446256017801,72.86455182667801,79.11473509010534,54.53628967584693,48.281579471994284,14.440504481837511
82,2020-03-01 22:10:00,540.0,858.94064,748.64848,762.34152,1043.5552,936.54392,912.51408,916.8924,1038.3426,787.80808,869.9904,861.26384,814.212,768.67136,573.92408,823.49712,534.2378,816.36496,762.5064,852.9344,895.2008,742.758,28.386641580600358,29.91066936262316,30.446212108498347,56.432843360076745,55.30849475144276,55.98416829746822,81.04240869855373,88.91975506885565,81.86985021104309,115.33324526104516,131.7519711491523,98.92722318152984,109.4221135321691,160.17020773733148,127.09862785803378,74.26061259886309,73.17356189857388,79.43238423037634,54.404630068370494,48.16469074119171,14.574008466569571
83,2020-03-01 22:15:00,540.0,858.9072,748.61432,762.42016,1043.5756,936.59176,912.59744,916.96808,1038.4064,787.91144,870.19888,861.4152,814.31784,768.93368,574.19844,823.70248,534.45616,816.4188,762.57464,853.01952,895.24824,742.75128,28.57643930476738,30.07965738953008,30.05003852636359,56.292167404748135,55.01242063212572,55.48149345446921,80.58385790059187,88.48198634805057,81.33173972592718,114.13457170078914,130.89047066202224,98.35773385286002,108.08946312544671,159.1294513896153,125.98098737986926,73.48959111556233,72.88311030605657,79.08853189469566,53.924853592867066,47.88405260747144,14.606991050852768
84,2020-03-01 22:20:00,540.0,858.93968,748.5992,762.28768,1043.5436,936.51384,912.45696,916.87552,1038.3218,787.81616,870.05248,861.28656,814.24576,768.78624,573.85888,823.51928,534.31396,816.32528,762.44376,852.96152,895.19168,742.71336,28.392090422115217,30.154452906797797,30.71742437186485,56.51283434352549,55.49464732324116,56.328585008007714,81.1446807227785,89.06247009175006,81.82778684213245,114.97634102902948,131.6226646649811,98.745580052468,108.83855071366247,160.41746406080097,126.97803885120112,73.99173009851776,73.38761202995522,79.74799181936196,54.25177415152476,48.21863970678687,14.793101469320483
85,2020-03-01 22:25:00,630.0,858.87168,748.55248,762.26232,1043.4558,936.42384,912.35368,916.64304,1038.0648,787.50104,869.4692,860.65752,813.75416,768.01088,572.39192,822.6232,533.4688,815.81448,761.73768,852.56952,894.864,742.50224,28.778034535989125,30.385557551919785,30.84516556261668,57.118254503870816,56.05158407176546,56.951278135345895,82.5530318512932,90.825588092634,83.46793855296802,118.32867262003519,135.2014639752724,101.38985306172846,112.7755013471009,165.97315351986956,131.85168781909346,76.97341590318469,76.14214688295925,83.30373689829914,56.46072337753929,50.15665193780176,15.82909947184763
86,2020-03-01 22:30:00,630.0,858.49248,748.1448,761.81656,1042.9584,935.89632,911.79656,915.66888,1037.3638,786.92424,868.41448,859.37992,813.82264,766.57192,570.02464,823.29,532.10296,814.96024,761.8044,851.5112,893.96792,742.29136,30.9296802492042,32.401570951572175,33.089815281334396,60.54708762972695,59.31489970873964,60.30903613731239,88.45055614517143,95.63249657480814,86.46839512193671,124.3848407701348,142.46206950464074,101.02160092032008,120.07140493759496,174.90855678408371,128.22556459759866,81.78205926315397,80.74486006442896,82.96788289438265,62.419364163417676,55.45275415651207,16.863625730359477
87,2020-03-01 22:35:00,630.0,858.33096,747.98048,761.66904,1042.7804,935.67928,911.57608,915.04112,1037.1118,786.31296,868.12376,859.04432,813.54728,766.34688,569.1754,823.0196,531.513,814.59008,761.61032,851.12864,893.62064,742.15088,31.845883817187538,33.21383723462808,33.83237142556663,61.77373564687202,60.65700687095178,61.63730096501234,92.24766661288933,97.35972155517433,89.64581371321226,126.05285326626212,144.3674967946558,102.50216488850975,121.21117936406331,178.10502559955137,129.69638022833402,83.8552891034544,82.73781418510373,83.94475783692802,64.57146387173492,57.50385672341821,17.55262353953116
88,2020-03-01 22:40:00,630.0,858.10016,747.68184,761.2844,1042.3736,935.17704,911.07576,914.03248,1036.4844,785.03056,867.13456,858.1164,812.7012,765.23832,567.26564,821.93584,530.08716,813.79552,760.85464,850.23904,892.89096,741.79232,33.154771024634385,34.68961705731691,35.76781765764471,64.57632274522169,63.76150764438134,64.65024885803054,98.34313954655657,101.65814049660067,96.30367414609056,131.72422718585776,149.63205000425495,107.04825846982823,126.82088927515024,185.27579473192992,135.58654297122393,88.8564612993864,87.01269479106175,87.74599768142215,69.57218908930953,61.81089093870593,19.310624693740024
89,2020-03-01 22:45:00,630.0,857.94824,747.50968,761.17224,1042.2244,935.01192,910.90296,913.69272,1036.342,784.47128,867.11984,858.42776,812.18112,765.44448,567.85252,821.50736,529.85108,813.72128,760.60056,850.01064,892.7048,741.71296,34.01613067358799,35.540106873879665,36.3320045238417,65.60393950458746,64.78180135033371,65.69047335501399,100.39488361425352,102.63338376040623,99.20389557399542,131.80857244049122,147.86618362562604,109.84036577506886,125.77826064492794,183.07474213840206,137.91316209110224,89.68322194527259,87.41190669431649,89.02322937958405,70.85525462622722,62.90916203678188,19.69960784842483
90,2020-03-01 22:50:00,630.0,857.70608,747.2432,760.866,1041.907,934.64368,910.53856,913.0568,1035.9064,783.68752,866.4536,857.73728,811.60728,764.73176,566.28784,820.76448,528.79564,813.11464,760.05696,849.31224,892.13272,741.41376,35.3888199304215,36.85616192749538,37.872028628842116,67.78954642880163,67.05654580612159,67.88344814480436,104.23302991117579,105.61581007605021,103.26471028015048,135.62461304096186,151.7813497376764,112.9190155810155,129.38156078601722,188.93791064235614,141.94407811956728,93.37490700836653,90.67263665956533,91.75441300927281,74.77646528261857,66.28277681603305,21.165762852742485
91,2020-03-01 22:55:00,630.0,857.54056,746.97616,760.56576,1041.5574,934.2424,910.172,912.34056,1035.3714,782.82648,865.5192,856.73952,810.80424,763.5912,564.06928,819.64568,527.36816,812.30656,759.208,848.4588,891.4836,741.05392,36.326850719631274,38.17451190789838,39.3812782238827,70.19611115441063,69.53436939294855,70.08853663093832,108.55275419851303,109.277083566443,107.7212486130566,140.9716592307556,157.43329231065934,117.22366947157157,135.14090867850845,197.2235665068102,148.00787921024195,98.35619153321089,95.01234273989526,96.01589628545217,79.56378192953011,70.10808532474172,22.92828551832753
92,2020-03-01 23:00:00,630.0,857.37856,746.79648,760.33512,1041.3232,934.02136,909.93472,912.04816,1035.166,782.52608,865.39136,856.52424,810.64216,763.5532,563.66748,819.55208,527.00084,812.04736,759.08224,848.1284,891.20792,740.92368,37.24475774877305,39.06130903642269,40.54025725677721,71.80783749747167,70.89879260801898,71.51545137494985,110.3152771672618,110.68223638043887,109.27489484047172,141.70276704894783,158.65191132978262,118.09197399499162,135.33264471221744,198.72069028488553,148.51480832999167,99.63580040605896,96.40343423905047,96.64676264209623,81.41584709507718,71.73184404850625,23.56599968603708
93,2020-03-01 23:05:00,630.0,857.16328,746.57992,760.13944,1041.0754,933.76256,909.66208,911.654,1034.8446,782.03512,864.95608,856.03912,810.25192,763.10184,562.49016,819.09072,526.29036,811.60488,758.70096,847.67288,890.8248,740.72328,38.46428584718277,40.12984111630243,41.52328468689704,73.51276220212897,72.49588831696957,73.15454883055791,112.69029295220832,112.88039222863854,111.81281937862035,144.19129238263685,161.39687035750134,120.1818785748857,137.60933535851194,203.10129178852839,151.0126463462472,102.10832347024721,98.77713899603584,98.55878869264691,83.96809259759024,73.98759181777375,24.547030141827005
94,2020-03-01 23:10:00,630.0,857.06032,746.47584,759.95744,1040.915,933.60056,909.5112,911.44944,1034.6408,781.788,864.77088,855.81952,810.05912,762.93192,561.92876,818.90272,525.92372,811.36608,758.53864,847.41224,890.62968,740.57248,39.04743015715443,40.64327360882947,42.43736150355369,74.61613716569747,73.49539069222345,74.06142039082043,113.92246701933239,114.27389098405294,113.08965668556542,145.24971369324234,162.63892377336606,121.21403485484952,138.46607463958549,205.18693776322527,152.03008924748997,103.38295304728912,100.05765529321472,99.37249230115225,85.42782287826621,75.13605362122024,25.285075681435885
95,2020-03-01 23:15:00,630.0,856.90848,746.27232,759.74744,1040.6874,933.3296,909.18808,911.01184,1034.167,781.21208,864.02432,855.08512,809.49064,762.06928,560.26716,818.07176,524.7964,810.73352,757.86584,846.76576,890.21088,740.23824,39.907292927798316,41.6470423734776,43.49179353749285,76.18148218711349,75.16676335311477,76.00304279073285,116.55743694077924,117.51247553620682,116.06379525763246,149.51401912751007,166.7903613399696,124.25596701840382,142.81257596378026,211.3477107704056,156.52438932461808,107.29653379725076,103.44780816032777,102.74335513156342,89.04653612539194,77.6002297728692,26.920377843810666
96,2020-03-01 23:20:00,630.0,856.85808,746.24392,759.66024,1040.5858,933.26792,909.21744,911.02096,1034.131,781.22704,864.2168,855.23232,809.64536,762.3396,560.58604,818.29,524.99372,810.79056,757.98936,846.88728,890.21424,740.24352,40.19267207739664,41.78709054533551,43.929548260888424,76.88013729503797,75.54715860566576,75.82664756316709,116.50253457387407,117.75848717351825,115.98656726679934,148.41493741254064,165.95855050540663,123.42827298518003,141.45106956308913,210.166802793959,155.34446619759873,106.61212808352586,103.14221547276672,102.12471934462333,88.36653090703341,77.5804644902246,26.89455066184985
97,2020-03-01 23:25:00,630.0,856.80288,746.14744,759.6036,1040.4902,933.17032,909.08096,910.88688,1033.9734,781.0568,863.99752,855.04456,809.49472,762.11648,560.04528,818.03848,524.71624,810.64136,757.78008,846.79824,890.10688,740.15848,40.505210934210446,42.2628200197714,44.213861108166185,77.53747095498123,76.14902969149428,76.64657271521511,117.30964033000419,118.83537064288349,116.8653096826445,149.6670306229809,167.01953622881726,124.23414257767534,142.5748810235313,212.16900231991997,156.70429129461107,107.5744957926175,103.94151136346832,103.17281497926759,88.8647931337813,78.21197544028892,27.310502409457552
98,2020-03-01 23:30:00,630.0,856.80264,746.18592,759.572,1040.531,933.18008,909.10976,910.93424,1033.9746,781.104,864.10736,855.1792,809.58304,762.26064,560.41596,818.21872,524.868,810.69136,757.84168,846.8776,890.19608,740.18808,40.5065697548432,42.073087860434214,44.37247276352991,77.25694263795364,76.08884541549135,76.47356241361489,117.02456642500832,118.8271716426537,116.6216925804773,149.03988173075774,166.25874223145607,123.76168066226633,141.8488131281658,210.79674350056752,155.72987892611803,107.04821846893434,103.67366719812372,102.86434593869315,88.42070211493645,77.68729024888708,27.165726884444513
99,2020-03-01 23:35:00,630.0,856.7416,746.09136,759.52792,1040.3988,933.08128,909.0128,910.7776,1033.8226,780.91288,863.89768,854.92056,809.42064,762.01176,559.7372,817.92816,524.55132,810.48744,757.59312,846.66456,890.0316,740.0764,40.852150777156645,42.53931444006218,44.59371496199081,78.16586946817978,76.69805881579487,77.05600859354732,117.96737254741728,119.86563593887162,117.60804450929041,150.23701376254232,167.72010209862086,124.63038881924201,143.1022215910349,213.30882478551248,157.30059668506192,108.14623715322547,104.76593913820456,104.10888500841907,89.61275961565273,78.65474059734358,27.711930740709768
100,2020-03-01 23:40:00,630.0,856.75056,746.08888,759.49832,1040.4268,933.0904,909.05136,910.81456,1033.816,780.93656,863.9464,854.978,809.48272,762.09696,560.04968,818.00496,524.64272,810.54464,757.66504,846.72784,890.09272,740.07736,40.80142482941098,42.55154124557413,44.74227329782049,77.9733681302726,76.64182643497033,76.82438314709914,117.74492729066132,119.91072369323878,117.48584740827222,149.95888118048202,167.3955945404828,124.29833179521714,142.67318376706808,212.15271882742974,156.88548323647478,107.82939566153966,104.45958223064407,103.74882378829007,89.25871000963102,78.29526143770315,27.707235929808082
101,2020-03-01 23:45:00,720.0,856.70832,746.05672,759.4872,1040.3684,933.0548,908.95968,910.75376,1033.7446,780.86632,863.84336,854.89064,809.3732,761.9516,559.6898,817.90104,524.56316,810.47872,757.55704,846.7664,890.12496,740.07888,41.040556795624276,42.71009162342068,44.79808155493852,78.37486505497412,76.86132691214341,77.37507818019327,118.11084976380135,120.398472817118,117.84829962557029,150.54709711398215,167.88912664746874,124.88412141480093,143.40513771551173,213.48413780021184,157.44717430989704,108.10519646620118,104.8126405997244,104.28950351354031,89.04295505002794,78.10563094142076,27.69980246675794
102,2020-03-01 23:50:00,720.0,856.56648,745.87432,759.22368,1040.0844,932.75768,908.69352,910.3176,1033.2146,780.32216,863.3228,854.178,808.80464,761.41072,558.62092,817.2888,523.60448,809.90872,757.02264,845.91656,889.48544,739.71304,41.843464801400366,43.60920326790468,46.120377678325575,80.32702881351605,78.69296606634916,78.97350902634582,120.73514587618553,124.0179664114219,120.6551676376765,153.5177024220705,171.9132356796826,127.92390447551645,146.1274890387758,217.4335410359604,160.75490329562444,111.42524516089406,107.8642838577272,106.96373263633794,93.7957910549719,81.86590158911896,29.48847928590452
103,2020-03-01 23:55:00,720.0,856.34792,745.6056,758.9756,1039.7626,932.41088,908.34176,909.8348,1032.593,779.71368,862.6108,853.47336,808.2552,760.60088,556.88464,816.52976,522.4814,809.27048,756.43072,845.20448,888.92728,739.39168,43.08039838485593,44.933415027379155,47.364779313196735,82.53837871575367,80.83012693498232,81.08529475697271,123.63860056427633,128.2606526491662,123.79149164625532,157.5778714675232,175.88887099672465,130.85943366796585,150.19995276694755,223.83282733520048,164.8523048414656,115.30691034277866,111.27871983506414,109.92359894199855,97.77451236039101,85.14558032901819,31.058953392579447
104,2020-03-02 00:00:00,720.0,856.2012,745.4788,758.73776,1039.5144,932.1896,908.0704,909.47704,1032.141,779.27064,862.02344,852.87608,807.80704,759.95632,555.61816,815.81304,521.31456,808.67072,755.86656,844.65016,888.51416,739.04264,43.91057862840916,45.5581006617229,48.5574339252689,84.24349564157967,82.19335335106639,82.71384165572216,125.78909818509042,131.3441429226378,126.07353937924594,160.92476124397288,179.2562033689249,133.25237038225802,153.4381712794883,228.48803958766035,168.71776258672514,119.3309936115796,114.48484350729073,112.74249784303201,100.86943598063488,87.57169632083573,32.76392548311362
105,2020-03-02 00:05:00,720.0,856.14712,745.36088,758.64088,1039.4082,932.08792,908.0128,909.45792,1031.9578,779.19312,862.05976,852.89736,807.83944,760.14896,555.49572,816.03952,521.3432,808.66672,756.04192,844.64544,888.51464,739.05752,44.2165415741784,46.13894325069957,49.04313396056171,84.9729579822957,82.81965872619011,83.0594611759471,125.9040048174725,132.5935270647681,126.47270259291625,160.7178690531468,179.13627193943904,133.07941607283325,152.47065077940462,228.93753155223598,167.49666376515074,119.23233049449343,114.50621823889693,111.8665140354738,100.89578034280147,87.56887809532078,32.69125687633545
106,2020-03-02 00:10:00,720.0,855.9716,745.2148,758.378,1039.096,931.80648,907.68496,909.03048,1031.466,778.64984,861.4364,852.23064,807.35032,759.4344,554.26588,815.35448,520.37776,808.13568,755.46776,844.0692,888.03744,738.71832,45.20943017501288,46.858367098484415,50.36074908272987,87.11695335543304,84.55285267573932,85.02619477636821,128.47218644579564,135.9463992540395,129.2690262195286,164.26754975619394,182.89240101372792,135.68964749015134,156.05824461622882,233.44692724933546,171.18911552674203,122.55522634678199,117.34298884932021,114.73388514203232,104.11091901220514,90.36991233143227,34.34742508685792
107,2020-03-02 00:15:00,720.0,855.9196,745.13112,758.33032,1039.034,931.75472,907.69352,909.0232,1031.375,778.6104,861.4824,852.2324,807.34424,759.56304,554.12684,815.45376,520.36836,808.11344,755.51712,844.01904,888.00776,738.7028,45.503546778302386,47.27041603080315,50.59968330324283,87.54265412967239,84.8715496688994,84.97485180650602,128.51591630912733,136.56662128046258,129.47195242766074,164.00569366529518,182.88248949297156,135.72208399117514,155.4126303596565,233.95610974153385,170.65417598135184,122.58754942347825,117.46175238625698,114.48746550804428,104.39068358042036,90.54407615458726,34.42318440524254
108,2020-03-02 00:20:00,720.0,855.82336,745.0156,758.13464,1038.828,931.56296,907.47904,908.74656,1031.0288,778.2736,861.05448,851.80832,807.01888,759.09704,553.21448,814.9916,519.66168,807.7548,755.1088,843.66464,887.694,738.44008,46.047841601024466,47.839172369811294,51.58011841982673,88.95689687556127,86.05210124253848,86.26115917455554,130.177391607574,138.92569114259285,131.20443301474543,166.4410984367973,185.2701237334999,137.45750729750077,157.75085661306977,237.2941208754009,173.14382795886868,125.01588511179476,119.37646989865792,116.52543474280648,106.3668558582387,92.38488053924206,35.70538413068334
109,2020-03-02 00:25:00,720.0,855.8176,744.91904,758.05472,1038.7576,931.49688,907.40488,908.68784,1030.89,778.134,860.87016,851.58792,806.83592,758.85296,552.47284,814.66056,519.18616,807.4592,754.74456,843.3632,887.46384,738.23184,46.08041590859972,48.314512535333016,51.980476832290144,89.44014661025862,86.45885996746487,86.70585045369538,130.52999365485996,139.87127720706226,131.92230796591735,167.48973897122332,186.51053960090138,138.43308226588383,158.97499269681333,240.0034733783926,174.92627004752543,126.64803773558792,120.95398868041165,118.34246619865091,108.0470643268225,93.73479690445531,36.72137126937395
110,2020-03-02 00:30:00,720.0,855.64688,744.77488,757.80032,1038.4598,931.21344,907.12664,908.30104,1030.4848,777.70376,860.43672,851.11168,806.5064,758.47696,551.68536,814.37216,518.65924,807.17264,754.552,843.01824,887.20128,738.05648,47.04578264634833,49.024060661608345,53.25460998955949,91.48398561930047,88.20326165715005,88.37395828010821,132.852082186043,142.63100621090643,134.1339515054147,169.95479804266145,189.18973224529498,140.189583032374,160.8599777257494,242.87630963619904,176.47853231994952,128.45486812553509,122.4827128062442,119.302708199692,109.9691139304788,95.2743157726447,37.57671713237761
111,2020-03-02 00:35:00,720.0,855.5764,744.63568,757.6428,1038.2514,931.04232,906.97568,908.01848,1030.191,777.35312,859.93248,850.62288,806.1412,757.8736,550.37352,813.754,517.89848,806.77592,754.06008,842.64456,886.88968,737.78432,47.44426822977081,49.709065600250156,54.04331642082674,92.91391259222065,89.25614471262146,89.2787814322027,134.54775856680214,144.63133553223867,135.9355075425229,172.82094854436966,191.9380253913693,142.1354371696041,163.8828247506543,247.65298477564292,179.80381823113441,131.06030886066105,124.59821666892164,121.75466096500845,112.05029849222282,97.10078925196612,38.90381773772845
112,2020-03-02 00:40:00,720.0,855.50576,744.57248,757.56176,1038.1666,930.9724,906.92984,907.94736,1030.043,777.22024,859.81016,850.5284,806.0596,757.82504,549.85808,813.71248,517.77344,806.68672,753.97664,842.55216,886.85232,737.72104,47.84362549762799,50.02003132592228,54.44902177542665,93.49568172632655,89.68629930933244,89.55350714574021,134.97447509154864,145.63877347636753,136.6180204660089,173.51597441514045,192.46906004114433,142.57009682336903,164.12600683562093,249.52669432962983,180.0270774679911,131.48817823802162,125.07373121510206,122.17040521426978,112.56477152479277,97.31973542366669,39.212312148941635
113,2020-03-02 00:45:00,720.0,855.48896,744.56088,757.49552,1038.1298,930.95088,906.91928,907.98792,1030.0868,777.31088,860.00424,850.6944,806.22824,758.13816,550.56872,814.00608,518.0374,806.81448,754.15296,842.70376,886.95504,737.79512,47.938598023749755,50.07710444673117,54.78060260595325,93.7481327919736,89.81868592734085,89.61679277686123,134.73112116885142,145.34064138033332,136.15247794284036,172.41316007894395,191.53600057936538,141.6717517080696,162.55766941132498,246.94294220662346,178.44810191690144,130.5848229107272,124.39264163751929,121.29182730408753,111.72064975394521,96.71772847803452,38.85116434145501
114,2020-03-02 00:50:00,720.0,855.47544,744.56704,757.49576,1038.1278,930.96728,906.94968,908.03112,1030.0974,777.35368,860.05984,850.76144,806.28504,758.22744,550.72508,814.01056,518.04296,806.77456,754.03144,842.70704,886.92056,737.70864,48.01502694037474,50.04679676226171,54.77940127846809,93.76185270219354,89.71779677469071,89.43460487632838,134.47191568641915,145.26848878520644,135.93263096181298,172.09718017929433,191.1591278385725,141.36913585584966,162.11037018830743,246.37399902815454,178.4240041448372,130.5657898658549,124.6054670611911,121.8973664777111,111.70238475485597,96.91981179222793,39.27275991275972
115,2020-03-02 00:55:00,720.0,855.43264,744.5148,757.44528,1038.064,930.89824,906.91488,907.94992,1030.0234,777.23952,859.92416,850.62192,806.18536,758.09048,550.4052,813.93656,517.94928,806.74032,754.04544,842.7148,886.90096,737.73976,48.25696850505749,50.30381371736386,55.03207211357021,94.19950396791285,90.14250349262515,89.64316157234502,134.9591157965391,145.77218008032412,136.5189996383018,172.8682261651064,191.94342146767548,141.90019124330516,162.79652806558354,247.53776547445963,178.82203070388925,130.8864488579096,124.78800232150967,121.82760887355009,111.65917215688353,97.0346816357484,39.121053600056094
116,2020-03-02 01:00:00,720.0,855.476,744.54096,757.4736,1038.0848,930.95248,906.90864,908.04024,1030.1052,777.37888,860.10192,850.8208,806.31152,758.32824,550.84032,814.15528,518.26496,806.91776,754.22704,842.95416,887.12216,737.84656,48.01186126958294,50.17511069692002,54.89032224470984,94.05682437870044,89.80884316141834,89.68055709930432,134.41719295248495,145.21539489196292,135.8031826850817,171.85802209902621,190.8254042730563,141.22804991182304,161.60529163166157,245.95457474147116,177.64548870299265,129.80567044223,123.8419762954903,120.92263573260608,110.326068546518,95.73814606341689,38.6003675869601
117,2020-03-02 01:05:00,720.0,855.52736,744.53,757.45832,1038.077,930.93368,906.93184,908.01056,1030.0538,777.30744,860.0344,850.73672,806.2832,758.25064,1651.7196,814.05024,518.15436,806.84824,754.11936,842.90016,887.07712,737.8032,47.721515223572744,50.22903269627267,54.966803764483586,94.11032955968123,89.9244945926242,89.54152114775887,134.59527983359095,145.5652626302338,136.17014736155707,172.2417605677203,191.29809749661055,141.37893923870504,161.9941278973367,-7765.427945899383,178.21056094563187,130.18440127755073,124.21264879219561,121.45926725072881,110.6268519308748,96.0021684905443,38.81177129651327
118,2020-03-02 01:10:00,720.0,855.50304,744.57928,757.4748,1038.1012,930.99992,906.96528,908.10824,1030.1466,777.42672,860.21784,850.8984,806.4448,758.4732,551.04772,814.28304,518.46972,807.03576,754.3132,843.14536,887.24488,737.93936,47.85900212839212,49.98657425550022,54.8843157772941,93.94432499457868,89.51699746520633,89.34111134589365,134.00915524118642,144.93358211334848,135.55742488779853,171.19914018144812,190.38909980668038,140.51786118348602,160.87882285826507,245.1995064028162,176.95809388265448,129.10429139790415,123.21274100874112,120.49319559993887,109.26091766446605,95.01869899573366,38.14787509508555
119,2020-03-02 01:15:00,720.0,855.46088,744.50032,757.38024,1038.0032,930.84304,906.85824,907.88664,1029.939,777.178,859.83104,850.54192,806.12456,757.9688,549.97316,813.784,517.87348,806.696,753.88032,842.79944,886.9824,737.69032,48.09733365360976,50.375051059614044,55.357596241586364,94.61655099046347,90.4820493566646,89.98258846218873,135.33876567489435,146.3466162512778,136.83495377660537,173.3973406334624,192.39307309386425,142.22407721942656,163.40603046948425,249.10851174428586,179.64249666457434,131.14586362455694,125.0242630939183,122.65026754327685,111.18781715577956,96.55736907473877,39.36206474952112
120,2020-03-02 01:20:00,720.0,855.44408,744.47224,757.36736,1037.9638,930.83664,906.80728,907.85904,1029.9132,777.138,859.79496,850.49368,806.09504,757.94216,550.09632,813.7468,517.77216,806.62552,753.80448,842.69648,886.92056,737.61312,48.19230119740544,50.5131924543114,55.42205711337305,94.88679539220308,90.52141569050573,90.28795866293595,135.50434424975197,146.52220464433384,137.04037217916536,173.60233435995136,192.6641925849288,142.38132357486995,163.53945876927202,248.6608707674398,179.84253452216544,131.49255768462973,125.39995069392879,123.02805620480338,111.76118888816598,96.91981179222793,39.73836862759781
121,2020-03-02 01:25:00,810.0,855.46608,744.48688,757.37064,1037.9614,930.80552,906.74432,907.76504,1029.8092,776.99048,859.50368,850.24232,805.83784,757.4708,549.38152,813.20832,517.394,806.37216,753.35488,842.57784,886.74872,737.47216,48.06793855969502,50.44117066785993,55.40564171589825,94.90325664866974,90.71283063098518,90.66521337659941,136.0682335140221,147.22995821653282,137.79786384941832,175.25696866511768,194.0766426761012,143.7511260826457,165.89952266380703,251.25750670258552,182.737112070296,132.78593635408637,126.75019337457374,125.26690887944143,112.42179377151885,97.92682912749227,40.42536280920913
122,2020-03-02 01:30:00,810.0,855.24376,744.22656,757.05224,1037.604,930.46792,906.40656,907.30488,1029.3492,776.5068,859.07176,849.57136,805.35176,756.98448,547.80592,812.71024,516.32204,805.78232,752.81368,841.61168,886.08392,737.01584,49.324532398117334,51.72160904830398,56.99880489335185,97.35418722103306,92.78895160867364,92.68861549201955,138.82780889979745,150.35954951918768,140.2804747941644,177.70948525688172,197.8448777602657,146.33870998534346,168.33295134621423,256.9692257672386,185.41281522436478,136.447106175658,129.89201058236176,127.96012623455755,117.79805116162822,101.82085460298609,42.64842076439351
123,2020-03-02 01:35:00,810.0,855.11368,744.07968,756.82696,1037.3458,930.23368,906.21792,907.00304,1029.0228,776.154,858.61888,849.18944,805.12376,756.7576,547.30916,812.57144,516.02464,805.6096,752.80728,841.36048,885.91832,736.99048,50.059617207424154,52.44387144573872,58.1256232105574,99.12431195577409,94.22900246283191,93.8183637162407,140.63718074109784,152.5793505783117,142.09033571887758,180.27969242007254,199.98848231479363,147.55190052026595,169.4676698476908,258.76663271627166,186.15816160146076,137.4614999339543,130.81157858180566,127.99196349312926,119.19485881380791,102.79039216138551,42.77192692850293
124,2020-03-02 01:40:00,810.0,854.98912,743.884,756.63184,1037.079,929.9756,905.97408,906.63368,1028.6864,775.73832,858.05816,848.65048,804.65944,756.15952,545.80456,812.00552,515.1972,805.18216,752.3172,840.8372,885.49304,736.65152,50.763403584778175,53.40587972324835,59.10131450236646,100.95293235283324,95.81519607031802,95.27835141685426,142.8504803149007,154.86642356891417,144.22171505988175,183.46004071523882,203.01186633684136,150.0214903053065,172.4572792843031,264.2007178921536,189.1957950814039,140.2807178884072,133.08643818777713,130.42909765577275,122.10323918198412,105.27944676117508,44.42229373592841
125,2020-03-02 01:45:00,810.0,854.8852,743.7568,756.4248,1036.9134,929.77984,905.77912,906.36792,1028.408,775.44696,857.6524,848.30128,804.33704,755.76432,544.8902,811.60424,514.66608,804.87304,751.99352,840.48288,885.19432,736.45176,51.35049180513832,54.031088737095274,60.13633626961383,102.08770153215158,97.01806922550107,96.44538832724669,144.4424245153345,156.75860811640734,145.7149689057512,185.76017554763126,204.9697359692132,151.73540880216896,174.43145992868398,267.4957563232835,191.34842418072847,142.0879430637512,134.73083985812988,132.03786578665162,124.0715156747675,107.0270636230793,45.39455227137521
126,2020-03-02 01:50:00,810.0,854.80536,743.682,756.32464,1036.7176,929.66392,905.68176,906.21608,1028.2694,775.25272,857.4376,848.11824,804.21992,755.59544,544.401,811.42208,514.28992,804.70912,751.82584,840.322,885.0948,736.294,51.801493403140455,54.39869317217627,60.63694838445362,103.42918153429025,97.73023559055959,97.02809442578516,145.3517604964009,157.7004314475698,146.71015982665736,186.977373548559,205.9956696952338,152.35786320974537,175.27476772211557,269.25639598993604,192.32525334831502,143.36676316567468,135.60257616426216,132.8710038483126,124.96494334033551,107.6091596114061,46.16220485748192
127,2020-03-02 01:55:00,810.0,854.69944,743.56032,756.1548,1036.5024,929.46488,905.4528,905.9328,1027.9742,774.9256,856.95504,847.63888,803.83168,755.08176,543.27284,810.91464,513.80656,804.31808,751.36992,839.94856,884.7516,736.06376,52.39975115590656,54.99661027290011,61.485678279181734,104.90328407726525,98.95285104250614,98.39818845249087,147.04785414313653,159.7059697253874,148.3855994997119,189.71076386859076,208.68141904680888,154.42058329506565,177.8386871322889,273.3106356642168,195.04523350164573,145.00865528662356,137.6814331279977,135.1353573323236,127.03813804644419,109.61604649532727,47.2822464872703
128,2020-03-02 02:00:00,810.0,854.64408,743.4416,756.02896,1036.3338,929.31552,905.34136,905.7232,1027.7846,774.67872,856.66592,847.35432,803.60936,754.79784,542.41932,810.61376,513.23536,804.09416,751.12328,839.72664,884.57824,735.88984,52.712406221917476,55.57988808458227,62.11440702638198,106.05796660295415,99.87013210606378,99.0649188060241,148.3024592576071,160.99377597884654,149.64959860289125,191.3477045404108,210.27502833034185,155.60132152387573,179.25506242525927,276.372320213037,196.65720707797936,146.9469348095255,138.87138745764943,136.3597368774131,128.2697156777932,110.62948578891768,48.12807765732029
129,2020-03-02 02:05:00,810.0,854.59048,743.39056,755.88592,1036.2004,929.17232,905.20376,905.54584,1027.5822,774.47488,856.37936,847.0444,803.36416,754.47464,541.61292,810.238,512.71764,803.83168,750.76328,839.41752,884.2976,735.64696,53.015102090780196,55.83062175060882,62.8289442882356,106.97144351272847,100.7494436615686,99.88804765814771,149.3638582781988,162.36826059686283,150.69293397118992,192.96960594437425,212.01005141184535,156.90319633694767,180.86674326898952,279.2605567419389,198.6695124322223,148.70187551270214,140.26583528694206,138.1461408273397,129.98468014700364,112.26964860011502,49.30894991609951
130,2020-03-02 02:10:00,810.0,854.57952,743.35312,755.85728,1036.1642,929.1904,905.25504,905.65104,1027.6654,774.61464,856.66352,847.32144,803.6116,754.94504,542.3332,810.74624,513.24768,804.09464,751.15264,839.75392,884.52656,735.88936,53.07699428135283,56.01453456049403,62.97199534685565,107.21930826623897,100.6384319114511,99.5813032168677,148.73432101769092,161.8032878294052,149.9776154888443,191.36129055753864,210.459130312761,155.58942654583987,178.5208007872627,276.6809762157589,195.9475152366483,146.90515152996716,138.86883699886764,136.21400794079216,128.11833885494096,110.9315617072733,48.13041178138927
131,2020-03-02 02:15:00,810.0,854.50784,743.2656,755.69656,1035.9958,929.0612,905.09056,905.44544,1027.4666,774.37656,856.36808,847.0088,803.38376,754.66824,541.50176,810.42392,512.81976,803.85336,750.87504,839.4288,884.29632,735.70272,53.48175867136461,56.44441426821101,63.77465897403188,108.37224482841484,101.43167640805369,100.56512090559538,149.96460320318644,163.15317086765248,151.19607724630058,193.03343853424553,212.20931001495705,156.79914591244446,179.90141338556913,279.65835512988554,197.673972746617,148.35585459953475,140.1506756499936,137.59165330942253,129.92211102204163,112.27712819603339,49.03788163434975
132,2020-03-02 02:20:00,810.0,854.47624,743.15872,755.57888,1035.8464,928.9072,904.97824,905.26632,1027.2788,774.17584,856.1252,846.75168,803.16616,754.45864,541.3044,810.16128,512.47468,803.66088,750.59048,839.1776,884.1344,735.50072,53.66018754681487,56.96931754769759,64.36226511107809,109.39494260275755,102.37704045746831,101.2368469944383,151.03620502043742,164.4281223065929,152.22304449255415,194.40767246961002,213.64820100597356,157.954175620049,180.9465115179041,280.3644285987145,199.08025590846677,149.52483823162794,141.17298063237726,139.0033105311614,131.31529524709669,113.22320977044414,50.01977457983315
133,2020-03-02 02:25:00,810.0,854.34176,743.0352,755.38688,1035.5674,928.67656,904.75576,904.92168,1026.9532,773.74112,855.54968,846.19344,802.72232,753.72192,540.29748,809.47184,511.567,803.21064,750.03024,838.736,883.7976,735.19864,54.41945284150483,57.57584826728391,65.32077343831773,111.30440498621851,103.79258348068284,102.56713525997573,153.0974490078619,166.63802893771052,154.44634065520637,197.662453201012,216.77071124121179,160.3091265419996,184.6176083261711,283.9627706095064,202.76963400013372,152.59591334217444,143.56335139315394,141.78100894433967,133.7634490446877,115.1905418705148,51.487638902091156
134,2020-03-02 02:30:00,810.0,854.29976,743.0104,755.348,1035.5398,928.62168,904.71272,904.84392,1026.8468,773.6776,855.43456,846.09648,802.66008,753.70008,539.74256,809.34624,511.549,803.11472,749.95368,838.6448,883.67536,735.12232,54.656557607952585,57.6976136549117,65.51484171585038,111.49327008022857,104.1293553352494,102.82444920522043,153.5624122484393,167.36003329098924,154.77109754576654,198.31323714387327,217.31284620005667,160.63925891990237,184.72638293294116,285.94297615547157,203.4414150121361,152.65676009692655,144.07242751222083,142.1604362368361,134.2688854787714,115.90439054637395,51.85839691737545
135,2020-03-02 02:35:00,810.0,854.36472,743.03304,755.32624,1035.5694,928.69888,904.7996,905.01648,1026.9922,773.85048,855.7124,846.3668,802.88096,754.05496,540.28332,809.69328,511.93696,803.32544,750.1672,838.88616,883.85104,735.27168,54.28983064132503,57.58645380132837,65.62345170076196,111.29071891424263,103.65561080879456,102.30502594330545,152.5305416253375,166.37336574924814,153.88715643939642,196.74243270807878,215.80124414965778,159.46755510606295,182.95850468614196,284.0133251932251,201.58499165866746,151.344835487437,142.9539935432391,141.1021458396128,132.9311326440128,114.87843564498033,51.13277888731222
136,2020-03-02 02:40:00,810.0,854.30912,742.95704,755.31104,1035.4994,928.64136,904.74328,904.92536,1026.9106,773.77568,855.55112,846.24456,802.77272,753.89248,539.96968,809.4916,511.77836,803.20768,750.00296,838.8252,883.8128,735.19648,54.60371812655056,57.959591854376825,65.69931711347297,111.76971570630847,104.00859104063352,102.64174799863092,153.07544358446052,166.9271110891058,154.26963553047764,197.65431219406952,216.48485765064163,160.0417769391462,183.76802202151163,285.13275525346467,202.6639366692684,151.88127705661756,143.5790619072967,141.91621161675963,133.26904357601964,115.10177106213814,51.49813258272027
137,2020-03-02 02:45:00,810.0,854.33984,743.04024,755.34576,1035.591,928.71192,904.82696,905.05344,1027.01,773.90592,855.7744,846.44096,802.95464,754.15688,540.38984,809.74472,512.11384,803.40704,750.14248,839.05776,883.98272,735.34272,54.43029217079731,57.551101901284966,65.52602229993971,111.1429076526735,103.5755858247022,102.14144033492597,152.3095034165979,166.25256741506303,153.60364808004397,196.39183806007256,215.38646453767444,159.07663254306777,182.45062388092097,283.63299083349426,201.30975560372818,150.74636840285189,142.52080818354264,141.22468345268953,131.9797948202887,114.10930293817681,50.78760192250314
138,2020-03-02 02:50:00,900.0,854.28584,742.90504,755.1992,1035.3782,928.51952,904.57216,904.6788,1026.6854,773.46448,855.09072,845.748,802.42544,753.28344,538.66112,808.88272,511.03488,802.80808,749.4104,838.53616,883.54728,734.92448,54.73513833012011,58.214874846617654,66.25747989063146,112.59898787266303,104.75620853590266,103.66469963056936,154.54960909404227,168.45511137174182,155.86051528974247,200.25647487243043,219.2607985784023,161.88360236813034,186.80086413684583,289.7961963607818,205.9196842469657,154.39377474069653,145.69944982528406,144.85179044226726,134.87090381486107,116.65223731978946,52.819312648020336
139,2020-03-02 02:55:00,900.0,854.16416,742.72168,755.01816,1035.1714,928.30816,904.39072,904.41304,1026.4096,773.18032,854.80744,845.41976,802.19496,753.04936,538.27,808.61848,510.8012,802.59264,749.20664,838.14392,883.26016,734.7236,55.421987713703906,59.114899365430226,67.16082570745466,114.01372650031766,106.05289339716423,104.74913264579537,156.1381202474469,170.32598022944637,157.31260540310186,201.8568662297574,221.09487840231478,163.105530302083,187.96586240639292,291.1878718868399,207.3318419874242,155.18271263339278,146.84219614809402,145.86069396173184,137.04381574095075,118.32830944496807,53.79472913046971
140,2020-03-02 03:00:00,900.0,854.14944,742.70912,754.98112,1035.103,928.27488,904.36496,904.42392,1026.407,773.24432,854.88096,845.47824,802.26392,753.28536,538.50592,808.78312,510.89356,802.6332,749.29656,838.07512,883.20224,734.68352,55.50507134064262,59.17654212927219,67.34561966094049,114.4815952649604,106.25703792128346,104.90307772282584,156.07309704465095,170.34361474516675,156.98560463442627,201.44156568373876,220.76816660782248,162.73996422974196,186.7913069464813,290.34854693728676,206.45202313332703,154.8709348759697,146.62707944802153,145.41549513454578,137.42484580727216,118.666353256264,53.98931436913897
141,2020-03-02 03:05:00,900.0,854.01504,742.58248,754.7632,1034.8658,928.04024,904.13384,904.08232,1025.999,772.79288,854.35648,844.96472,801.82536,752.69072,537.29936,808.21728,510.15404,802.21904,748.83504,837.61488,882.88704,734.45712,56.2635947600368,59.798015701724246,68.43264716617728,116.1038480292463,107.69614725760016,106.2840844445615,158.11426110180432,173.11032371015827,159.29160841733525,204.40347234050165,223.63629060000096,165.06429318962162,189.7500839344425,294.6372169732626,209.47506255826147,157.3657361162559,148.82313460270743,147.69993920223504,139.97295525201469,120.50559536711305,55.088269177859466
142,2020-03-02 03:10:00,900.0,854.02,742.55328,754.75656,1034.8358,928.06544,904.17424,904.13976,1026.104,772.8652,854.48584,845.11944,801.944,752.97168,537.39508,808.35744,510.1432,802.3068,748.85088,837.68712,882.88856,734.48,56.235603755086984,59.94129684741488,68.46576385600294,116.308996851838,107.54160641379936,106.04270858874987,157.77109353299085,172.39840813739863,158.92228071462546,203.67310383683105,222.7723282306399,164.43563715516194,188.35238981472796,294.2973353133259,208.72644516971812,157.4022784292136,148.35788783048548,147.6215572704456,139.57309256236414,120.49672750078756,54.97722411242585
143,2020-03-02 03:15:00,900.0,853.98392,742.50808,754.61752,1034.73,927.94416,904.07064,904.03296,1025.993,772.71704,854.23232,844.83168,801.72896,752.5416,536.82104,807.95768,509.86616,802.06288,748.52448,837.46856,882.71048,734.31672,56.439212032943246,60.163077098966255,69.15915243736573,117.0324408954966,108.28532638732631,106.66166068500263,158.40913837781338,173.15100239956712,159.67887512192254,205.10437756588996,224.37906453513838,165.57503422044573,190.4917005791598,296.3347238564437,210.8612855590727,158.33593395999748,149.65086809463554,149.23636519147828,140.78275973435476,121.53556416653845,55.76960633679676
144,2020-03-02 03:20:00,900.0,853.82528,742.2964,754.44816,1034.4314,927.63968,903.78376,903.55088,1025.5414,772.1944,853.52448,844.17776,801.2172,751.85312,535.26308,807.3052,508.89164,801.62912,748.00768,836.89928,882.29224,733.98472,57.33435435025943,61.20153557329261,70.00357343858373,119.07382256220532,110.1520472930875,108.37523822598135,161.28824403592162,176.21206897693855,162.34663215148788,209.0983141321125,228.0282567182658,168.28538381393037,193.9138042953917,301.8532766926106,214.3434594549784,161.61614466854726,151.94918812273917,151.79170462970973,143.93208007990316,123.97455957961093,57.380227298773136
145,2020-03-02 03:25:00,900.0,853.85624,742.3624,754.32472,1034.3154,927.58368,903.72512,903.476,1025.4672,772.0864,853.39752,844.07864,801.11376,751.76568,535.17848,807.17792,508.7552,801.52816,747.87576,836.83048,882.21488,733.93416,57.15967246544516,60.877784936729356,70.61892006049524,119.86669873576074,110.49530814004844,108.72543685365135,161.73530884676848,176.71488768208667,162.89768095791328,209.81432667187713,228.5811479935784,168.83300567224663,194.34820241308068,302.152484804755,215.02240307861948,162.07489758449037,152.48395624643825,152.44370589071943,144.3125442950434,124.42556308234471,57.625443499977735
146,2020-03-02 03:30:00,900.0,853.90744,742.34872,754.418,1034.4394,927.73672,903.89112,903.8052,1025.7264,772.47696,854.01064,844.7092,801.63592,752.67704,536.71088,808.04776,509.78996,802.1528,748.662,837.52176,882.77848,734.40464,56.87077896407085,60.94489197892328,70.15392989937011,119.01913816921987,109.55717621485935,107.73402442019567,159.76957101445197,174.95825204686693,160.90456058184077,206.35554718701766,225.06277766604802,166.06791525455537,189.81812463032384,296.72545580936304,210.38032303887596,158.59264747911797,149.17426254631908,148.55609443953182,140.48834199583587,121.13890823091742,55.34296087636421
147,2020-03-02 03:35:00,450.0,855.92112,744.8408,756.74712,1037.8852,931.5704,908.01864,910.36288,1031.6816,779.80968,864.28656,857.11968,810.50472,764.56192,561.5804,820.73408,522.53808,809.44248,758.13024,842.83504,887.59392,738.05888,45.494949777259066,48.699622843182084,58.52489097558129,95.4258817527489,86.00630214543513,83.02442019554093,120.46276275449308,134.4767317411011,123.29683578883677,148.01653978946442,155.28060179334727,118.8281396464179,130.23972601438874,206.4800759540551,142.1089528613317,115.11120879234484,110.3588246844517,101.41901491438826,110.98954878271893,92.9719049121127,37.56501212801871
148,2020-03-02 03:40:00,450.0,855.89376,744.79464,756.75536,1037.8904,931.55184,907.9576,910.3524,1031.6708,779.78552,864.29624,857.0976,810.52816,764.46672,561.61792,820.71216,522.54468,809.47808,758.1168,842.8648,887.56936,738.05224,45.64969346016461,48.92681107677388,58.48368593110345,95.39021826732068,86.12055297458575,83.39065931027588,120.52580669612148,134.55035875745943,123.42132991422243,147.96125500977521,155.40565792090743,118.70259752304185,130.7206679060371,206.34083746126223,142.2278324385545,115.08841929964746,110.16840336277536,101.48634501654706,110.82379890712369,93.11595273767107,37.597395880391645
149,2020-03-02 03:45:00,450.0,855.92368,744.81152,756.72568,1037.9006,931.52176,908.00216,910.3644,1031.6654,779.79216,864.32296,857.0744,810.48456,764.51248,561.61456,820.70928,522.56652,809.52784,758.08976,842.91024,887.57008,738.05432,45.4804705830979,48.8437334770294,58.6321019985542,95.32026244998787,86.30571327743148,83.12330238281947,120.45361891643455,134.58717197660525,123.38711502571508,147.80864752837607,155.53705400438943,118.93611153781367,130.4894999506509,206.35330695924517,142.243451417095,115.01300474432668,109.90222739172584,101.62180315321054,110.57070716185379,93.11172989396023,37.58725160375744
150,2020-03-02 03:50:00,225.0,857.79616,747.05864,758.98576,1041.14,935.05472,911.73392,915.88176,1037.0958,786.09016,872.2976,866.7816,817.25968,772.78712,579.27312,829.87136,532.68524,815.30024,765.33624,848.30808,892.08128,740.82528,34.87824474278356,37.76736662793433,47.31382341476864,73.06833747869631,64.51735298269175,60.68643867369107,87.16232489236756,97.46937246573931,90.8033087088216,102.05180335067115,100.24852936597621,82.49906245507307,88.46063503252724,139.78949050825852,92.27787923818178,79.73356316244494,78.91349065161604,65.14737431546476,80.40873600005318,66.58601783083358,24.047736424718806
151,2020-03-02 03:55:00,225.0,857.7884,747.07096,758.97904,1041.1378,935.04128,911.72896,915.86872,1037.0532,786.07256,872.2928,866.71864,817.2192,772.76824,579.28664,829.78632,532.63048,815.29128,765.3084,848.30616,892.09024,740.8184,34.922230683940484,37.70654766420972,47.34752660506722,73.08347313956986,64.60039601684431,60.716321291614115,87.24124432312746,97.76130976714929,90.89473059985508,102.07947115874244,100.60913180854082,82.71766733659948,88.55704603401726,139.73773755109414,92.74419684139157,79.92630758233,78.96176242207929,65.28816815241761,80.41949877787559,66.53319950262299,24.08141643766361
152,2020-03-02 04:00:00,225.0,857.78584,747.0428,758.98288,1041.1278,935.04496,911.69688,915.85576,1037.0342,786.05912,872.30656,866.63224,817.20584,772.7644,579.17076,829.73088,532.61268,815.2988,765.26304,848.30296,892.048,740.75512,34.93674142260027,37.84556096467261,47.328267675721825,73.15227119499397,64.57765816187685,60.90959042674415,87.31967847228515,97.89151267777179,90.96454230192508,102.0001563682548,101.1039438575107,82.78981321143725,88.57665476301246,140.181273262858,93.04817684670084,79.98895581086168,78.92124865050455,65.51755403701036,80.4374366867796,66.78219554817004,24.39117956229352
153,2020-03-02 04:05:00,0.0,860.36464,750.22072,762.3068,1045.6136,939.67184,916.5604,922.66824,1043.887,794.20456,881.64616,877.02736,825.20368,782.20344,601.8568,840.3512,545.61328,823.38656,773.63592,857.1756,898.25448,744.49144,20.297489045949657,22.124522067852343,30.621111957569116,42.22450328870954,35.91846590017916,31.531196070154135,45.93738250795171,50.77602069268737,48.43564266422319,47.87661598271038,41.21712407658457,39.389366064273965,40.082513134887655,51.65773496702287,34.44576943988093,33.674856901798144,35.132365581136575,22.945460101837508,30.440987238641984,30.069877072993616,6.056105927290057
154,2020-03-02 04:10:00,0.0,860.35304,750.1952,762.33016,1045.609,939.67256,916.53256,922.6724,1043.895,794.17464,881.6772,877.01592,825.14072,782.24128,601.66396,840.30432,545.6068,823.3332,773.60256,857.19096,898.24008,744.48104,20.3634379600408,22.251034257428195,30.503438281519255,42.25628652627337,35.913995165372775,31.69981011980714,45.9120189651771,50.72083643886291,48.59266297013744,47.69577631007064,41.28342298351136,39.73267044230677,39.88692099945936,52.424550227879266,34.70608872797008,33.69821983641347,35.42268464610115,23.115998955126535,30.353984095767583,30.155349972571052,6.107269404058488
155,2020-03-02 04:15:00,0.0,860.3984,750.26376,762.32592,1045.6762,939.74504,916.59736,922.79592,1044.005,794.3564,881.85264,877.2632,825.35224,782.37136,602.427,840.56168,545.86048,823.58632,773.78008,857.3196,898.3488,744.50952,20.105549905348337,21.91114693278074,30.52479712755751,41.791960982858775,35.46392366538351,31.30733847043915,45.158864741464285,49.96201006286216,47.63869441848965,46.673539607442734,39.85015392632978,38.57920349925532,39.21447501991329,49.38893558142379,33.27681905386659,32.783397018086724,34.04535188564797,22.20841868102754,29.62527157036675,29.509995699988295,5.967158489463251
