שלב,מהלך,עומס רשום (tf),תחילת שלב,סיום שלב,שורת מקור ראשונה,שורת מקור אחרונה,מספר קריאות,משך החזקה (דקות),מפלס,עומק (m),מד 1 בסוף שלב (με),מד 2 בסוף שלב (με),מד 3 בסוף שלב (με),ממוצע מפלס בסוף שלב (με),ממוצע מפלס לאורך שלב (με),אומדן מאמץ בטון (MPa),אומדן כוח צירי (tf),טווח שלושה מדים חלקי ממוצע,סימון לבדיקה
0,קריאת אפס,0.0,2020-03-01 15:30:00,2020-03-01 16:55:00,2,19,18,85.0,SG1,9.7,0.0,0.0,0.0,0.0,0.022568459291582497,0.0,0.0,,0
0,קריאת אפס,0.0,2020-03-01 15:30:00,2020-03-01 16:55:00,2,19,18,85.0,SG2,14.2,0.0,0.0,0.0,0.0,-0.06093396808315706,0.0,0.0,,0
0,קריאת אפס,0.0,2020-03-01 15:30:00,2020-03-01 16:55:00,2,19,18,85.0,SG3,18.0,0.0,0.0,0.0,0.0,-0.07186698214894552,0.0,0.0,,0
0,קריאת אפס,0.0,2020-03-01 15:30:00,2020-03-01 16:55:00,2,19,18,85.0,SG4,21.2,0.0,0.0,0.0,0.0,-0.13116195346101767,0.0,0.0,,0
0,קריאת אפס,0.0,2020-03-01 15:30:00,2020-03-01 16:55:00,2,19,18,85.0,SG5,24.1,0.0,0.0,0.0,0.0,-0.16083132397804534,0.0,0.0,,0
0,קריאת אפס,0.0,2020-03-01 15:30:00,2020-03-01 16:55:00,2,19,18,85.0,SG6,26.2,0.0,0.0,0.0,0.0,-0.0791664401274196,0.0,0.0,,0
0,קריאת אפס,0.0,2020-03-01 15:30:00,2020-03-01 16:55:00,2,19,18,85.0,SG7,28.7,0.0,0.0,0.0,0.0,-0.04280086740109509,0.0,0.0,,0
1,העמסה,45.0,2020-03-01 17:00:00,2020-03-01 17:20:00,20,24,5,20.0,SG1,9.7,2.3674552476879636,2.5280877670882003,2.5297222708168308,2.475088428530998,0.51648282050901,0.08415300657005392,9.705129498704554,,0
1,העמסה,45.0,2020-03-01 17:00:00,2020-03-01 17:20:00,20,24,5,20.0,SG2,14.2,4.75481328874554,4.770630798735101,5.024477045085589,4.8499737108554095,0.9521725639617198,0.16489910616908393,19.017350001147616,,0
1,העמסה,45.0,2020-03-01 17:00:00,2020-03-01 17:20:00,20,24,5,20.0,SG3,18.0,8.512809628941646,9.16775447428522,8.797893876969416,8.826152660065427,1.7474803123314495,0.30008919044222443,34.608442087909765,,0
1,העמסה,45.0,2020-03-01 17:00:00,2020-03-01 17:20:00,20,24,5,20.0,SG4,21.2,16.64292759748671,15.194889829321689,13.565569019861229,15.134462148889876,3.0086921933084962,0.5145717130622558,59.34410801451455,,0
1,העמסה,45.0,2020-03-01 17:00:00,2020-03-01 17:20:00,20,24,5,20.0,SG5,24.1,18.60751292526629,17.62941580880348,20.563904680363205,18.933611138144325,3.837572838200122,0.6437427786969071,74.2410436151026,,0
1,העמסה,45.0,2020-03-01 17:00:00,2020-03-01 17:20:00,20,24,5,20.0,SG6,26.2,9.832565448404171,7.975571405704801,12.835389743619075,10.21450886590935,2.0429908466169318,0.3472933014409179,40.05235940929715,,0
1,העמסה,45.0,2020-03-01 17:00:00,2020-03-01 17:20:00,20,24,5,20.0,SG7,28.7,3.124221648115926,2.914017480576544,2.197503128805694,2.7452474191660543,0.5292533288247111,0.09333841225164584,10.764456494511602,,0
2,העמסה,90.0,2020-03-01 17:25:00,2020-03-01 17:45:00,25,29,5,20.0,SG1,9.7,3.9064900639125497,3.987375042559737,3.8986606551059846,3.9308419205260905,3.9082779314407943,0.13364862529788707,15.413319959757729,,0
2,העמסה,90.0,2020-03-01 17:25:00,2020-03-01 17:45:00,25,29,5,20.0,SG2,14.2,7.464310629170541,7.505670482333631,7.618239310149626,7.529406807217932,7.435141033534249,0.2559998314454097,29.523740352116654,,0
2,העמסה,90.0,2020-03-01 17:25:00,2020-03-01 17:45:00,25,29,5,20.0,SG3,18.0,13.101750398795513,13.368043990198592,12.568236435730086,13.01267694157473,12.942976669860448,0.4424310160135408,51.02432437848061,,0
2,העמסה,90.0,2020-03-01 17:25:00,2020-03-01 17:45:00,25,29,5,20.0,SG4,21.2,21.719560350062498,19.208370683578142,15.972255080128868,18.966728704589837,18.97962070275755,0.6448687759560543,74.3709017112137,,0
2,העמסה,90.0,2020-03-01 17:25:00,2020-03-01 17:45:00,25,29,5,20.0,SG5,24.1,21.426196397443714,20.642315351555638,22.13157841987033,21.400030056289893,21.25219935020284,0.7276010219138563,83.91217888555613,0.06959163442282026,0
2,העמסה,90.0,2020-03-01 17:25:00,2020-03-01 17:45:00,25,29,5,20.0,SG6,26.2,10.102124382352686,8.095118077190378,12.66563824499056,10.287626901511208,10.251816583982595,0.3497793146513811,40.339064318918545,,0
2,העמסה,90.0,2020-03-01 17:25:00,2020-03-01 17:45:00,25,29,5,20.0,SG7,28.7,3.1173864486875558,2.5231227171102004,1.9717442901963693,2.5374178186647085,2.602484974982822,0.08627220583460009,9.949530787906962,,0
3,העמסה,135.0,2020-03-01 17:50:00,2020-03-01 18:05:00,30,33,4,15.0,SG1,9.7,4.9368086206335375,5.383550689633858,5.2902391788751375,5.203532829714177,5.2083825684660034,0.17692011621028203,20.40369927029626,,0
3,העמסה,135.0,2020-03-01 17:50:00,2020-03-01 18:05:00,30,33,4,15.0,SG2,14.2,9.907689022872,9.945564233932934,10.021106107715369,9.958119788173434,9.971336284888391,0.3385760727978967,39.047025954218405,,0
3,העמסה,135.0,2020-03-01 17:50:00,2020-03-01 18:05:00,30,33,4,15.0,SG3,18.0,17.211967723916334,17.758554402998584,16.695668894348554,17.22206367375449,17.200895580613416,0.5855501649076527,67.52985318101314,,0
3,העמסה,135.0,2020-03-01 17:50:00,2020-03-01 18:05:00,30,33,4,15.0,SG4,21.2,27.956844899623114,25.866812292255123,21.21456620690609,25.01274113292811,25.016560600787624,0.8504331985195558,98.07806824773458,0.2695537708916329,1
3,העמסה,135.0,2020-03-01 17:50:00,2020-03-01 18:05:00,30,33,4,15.0,SG5,24.1,27.507381211974483,27.409808622109775,29.11580812812675,28.010999320737003,28.242857280108417,0.9523739769050581,109.83461142728754,0.060904628445512,0
3,העמסה,135.0,2020-03-01 17:50:00,2020-03-01 18:05:00,30,33,4,15.0,SG6,26.2,13.19486985891399,10.702465354944747,16.416111770031407,13.437815661296716,13.469743418809497,0.45688573248408826,52.691346163340306,,0
3,העמסה,135.0,2020-03-01 17:50:00,2020-03-01 18:05:00,30,33,4,15.0,SG7,28.7,4.043697059329394,3.5038855387507133,2.4169447464391385,3.3215091148397486,3.2925304502852706,0.11293130990455146,13.024050259804111,,0
4,העמסה,180.0,2020-03-01 18:10:00,2020-03-01 18:45:00,34,41,8,35.0,SG1,9.7,6.353258591404001,6.7640743266248196,6.695917779203052,6.6044168990772905,6.260662683266657,0.22455017456862789,25.896739902347743,,0
4,העמסה,180.0,2020-03-01 18:10:00,2020-03-01 18:45:00,34,41,8,35.0,SG2,14.2,12.744312245503222,12.695657453741848,12.698607288815166,12.71285899602008,12.018625428025423,0.43223720586468267,49.84870093242441,,0
4,העמסה,180.0,2020-03-01 18:10:00,2020-03-01 18:45:00,34,41,8,35.0,SG3,18.0,21.741973103800184,22.351401978533378,20.97333322658433,21.6889027696393,20.5144440899603,0.7374226941677361,85.04488471512606,0.0635379653173652,0
4,העמסה,180.0,2020-03-01 18:10:00,2020-03-01 18:45:00,34,41,8,35.0,SG4,21.2,34.288496108909904,32.60065506286379,26.3257025511705,31.07161790764806,29.55635159046255,1.0564350088600338,121.83567748606409,0.25627225403603515,1
4,העמסה,180.0,2020-03-01 18:10:00,2020-03-01 18:45:00,34,41,8,35.0,SG5,24.1,33.486714558173304,35.25840922722705,36.41201992625033,35.0523812372169,33.390795002889114,1.1917809620653743,137.44474549826825,0.08345525367535032,0
4,העמסה,180.0,2020-03-01 18:10:00,2020-03-01 18:45:00,34,41,8,35.0,SG6,26.2,16.300317699536723,13.324058422573826,20.464249552808155,16.696208558306235,15.893018678658523,0.567671090982412,65.4679098847041,,0
4,העמסה,180.0,2020-03-01 18:10:00,2020-03-01 18:45:00,34,41,8,35.0,SG7,28.7,4.795825611632936,4.135201846336693,2.6505548850068092,3.8605274476588125,3.758054399554096,0.1312579332203996,15.137608168233939,,0
5,העמסה,225.0,2020-03-01 18:50:00,2020-03-01 19:05:00,42,45,4,15.0,SG1,9.7,8.503384436813077,8.81758868367579,8.701759222800085,8.67424411442965,7.633686289090154,0.2949242998906081,34.012789791062296,,0
5,העמסה,225.0,2020-03-01 18:50:00,2020-03-01 19:05:00,42,45,4,15.0,SG2,14.2,16.48546623569746,16.51960586781683,16.688649781995824,16.564573961836704,14.58838066817788,0.5631955147024479,64.95175426354726,,0
5,העמסה,225.0,2020-03-01 18:50:00,2020-03-01 19:05:00,42,45,4,15.0,SG3,18.0,27.78108893775821,28.705934103980276,26.980195857721135,27.822406299819875,24.71387250396251,0.9459618141938758,109.09511474124834,0.062026922749320694,0
5,העמסה,225.0,2020-03-01 18:50:00,2020-03-01 19:05:00,42,45,4,15.0,SG4,21.2,42.90307122210545,41.94543735755718,33.48016881452006,39.44289246472757,35.266144640725784,1.3410583438007373,154.6604859693258,0.23889988331895207,0
5,העמסה,225.0,2020-03-01 18:50:00,2020-03-01 19:05:00,42,45,4,15.0,SG5,24.1,41.28645755084412,46.34134235034381,46.72577837229048,44.78452609115947,39.98945081024977,1.5226738870994219,175.6056956360063,0.12145536184472627,0
5,העמסה,225.0,2020-03-01 18:50:00,2020-03-01 19:05:00,42,45,4,15.0,SG6,26.2,21.06797953643284,17.03421727203419,26.440649638616254,21.514282149027764,19.096124030500324,0.7314855930669439,84.36017554811463,0.43721804434024036,1
5,העמסה,225.0,2020-03-01 18:50:00,2020-03-01 19:05:00,42,45,4,15.0,SG7,28.7,6.355293518914358,5.493974727128921,3.4769347789897407,5.108734341677674,4.531097883828026,0.1736969676170409,20.031982610774033,,0
6,העמסה,270.0,2020-03-01 19:10:00,2020-03-01 19:25:00,46,49,4,15.0,SG1,9.7,10.037766547169438,10.558889261819154,10.627575731404722,10.408077180131103,9.513629750233909,0.35387462412445747,40.81136483904781,,0
6,העמסה,270.0,2020-03-01 19:10:00,2020-03-01 19:25:00,46,49,4,15.0,SG2,14.2,20.24964709203865,19.946081503605377,20.333084336818636,20.176270977487555,18.328254434482773,0.6859932132345768,79.11366736649856,0.01918108820232799,0
6,העמסה,270.0,2020-03-01 19:10:00,2020-03-01 19:25:00,46,49,4,15.0,SG3,18.0,33.224724056747455,34.548844613774634,32.39987666242335,33.39114844431515,30.614693953445347,1.135299047106715,130.9308451475745,0.0643574136102271,0
6,העמסה,270.0,2020-03-01 19:10:00,2020-03-01 19:25:00,46,49,4,15.0,SG4,21.2,49.83980800548584,50.00229462992105,39.530267980681536,46.457456872029475,42.894837629710835,1.579553533649002,182.16546525213616,0.22541110414385132,0
6,העמסה,270.0,2020-03-01 19:10:00,2020-03-01 19:25:00,46,49,4,15.0,SG5,24.1,46.91113124052395,58.03162741122416,55.22940132375304,53.39071999183371,49.09744195960632,1.8152844797223462,209.3516520770768,0.20828518836983512,0
6,העמסה,270.0,2020-03-01 19:10:00,2020-03-01 19:25:00,46,49,4,15.0,SG6,26.2,25.4093904713267,20.700283372706043,32.00775274149372,26.039142195175486,23.741809909109467,0.8853308346359665,102.10271444295392,0.4342489197237348,1
6,העמסה,270.0,2020-03-01 19:10:00,2020-03-01 19:25:00,46,49,4,15.0,SG7,28.7,7.850987558417844,6.911064995506151,4.309428618885964,6.357160390936653,5.729305558647609,0.2161434532918462,24.92721638826198,,0
7,העמסה,315.0,2020-03-01 19:30:00,2020-03-01 19:45:00,50,53,4,15.0,SG1,9.7,12.572139354231949,13.196752542205722,12.91235634635272,12.893749414263462,11.757710042410453,0.43838748008495765,50.5579947555824,,0
7,העמסה,315.0,2020-03-01 19:30:00,2020-03-01 19:45:00,50,53,4,15.0,SG2,14.2,24.973257284649545,24.68862358145856,24.79698790104018,24.819622922382763,22.58647392093778,0.8438671793610139,97.32082773046827,0.011468091359852871,0
7,העמסה,315.0,2020-03-01 19:30:00,2020-03-01 19:45:00,50,53,4,15.0,SG3,18.0,40.08854947856279,42.030944107798575,39.391556047837206,40.503683211399526,36.95130708270874,1.377125229187584,158.81997839343654,0.06516414929935382,0
7,העמסה,315.0,2020-03-01 19:30:00,2020-03-01 19:45:00,50,53,4,15.0,SG4,21.2,58.088832207565964,60.10641370936489,47.293545673901015,55.162930530277286,50.80416031914524,1.8755396380294276,216.3007099678173,0.2322731572143592,0
7,העמסה,315.0,2020-03-01 19:30:00,2020-03-01 19:45:00,50,53,4,15.0,SG5,24.1,54.45755791573268,69.45211650058924,65.99604939567969,63.30190793733387,58.28856319176814,2.1522648698693514,248.21465244032785,0.23687372266410234,0
7,העמסה,315.0,2020-03-01 19:30:00,2020-03-01 19:45:00,50,53,4,15.0,SG6,26.2,30.71070852679436,25.38773417235275,38.83969350922185,31.646045402789653,28.860771209607805,1.075965543694848,124.08807912299244,0.4250755241501135,1
7,העמסה,315.0,2020-03-01 19:30:00,2020-03-01 19:45:00,50,53,4,15.0,SG7,28.7,11.038911373219031,9.389002161673497,5.6904630477223686,8.7061255275383,7.648990628294714,0.29600826793630214,34.137800776227294,,0
8,העמסה,360.0,2020-03-01 19:50:00,2020-03-01 20:15:00,54,59,6,25.0,SG1,9.7,16.091296800501205,16.9250795941065,16.880184466053084,16.632186953553596,15.193062582804908,0.5654943564208222,65.21687321155865,,0
8,העמסה,360.0,2020-03-01 19:50:00,2020-03-01 20:15:00,54,59,6,25.0,SG2,14.2,32.44660119083291,31.736833090791446,32.783566086774556,32.322333456132974,29.345934128319836,1.098959337508521,126.73988867470985,0.032384202625831714,0
8,העמסה,360.0,2020-03-01 19:50:00,2020-03-01 20:15:00,54,59,6,25.0,SG3,18.0,50.22997671891609,53.394027409335855,49.969066323468276,51.19769015057341,47.15379326034201,1.7407214651194958,200.75250937226974,0.06689678920659706,0
8,העמסה,360.0,2020-03-01 19:50:00,2020-03-01 20:15:00,54,59,6,25.0,SG4,21.2,70.04953272944601,75.99994840909604,57.96200082422732,68.00382732092312,63.10829172286256,2.3121301289113863,266.6514630141167,0.26524900576175187,1
8,העמסה,360.0,2020-03-01 19:50:00,2020-03-01 20:15:00,54,59,6,25.0,SG5,24.1,71.40391430323201,93.79816733541577,81.52135568708403,82.24114577524394,75.11052323707044,2.7961989563582934,322.4777590448765,0.2722998667040073,1
8,העמסה,360.0,2020-03-01 19:50:00,2020-03-01 20:15:00,54,59,6,25.0,SG6,26.2,38.650795109178524,32.220735634841496,47.13875866729791,39.336763137105976,36.43618910118263,1.3374499466616032,154.24433967883172,0.3792387030031047,1
8,העמסה,360.0,2020-03-01 19:50:00,2020-03-01 20:15:00,54,59,6,25.0,SG7,28.7,18.424358655885506,15.318153664347664,6.77469050756379,13.50573427593232,11.754743780910779,0.45919496538169885,52.95766349681932,,0
9,העמסה,405.0,2020-03-01 20:20:00,2020-03-01 20:50:00,60,66,7,30.0,SG1,9.7,18.713538415269763,19.60805855295193,19.832574892641308,19.384723953621002,18.275114019444022,0.659080614423114,76.00991305922376,,0
9,העמסה,405.0,2020-03-01 20:20:00,2020-03-01 20:50:00,60,66,7,30.0,SG2,14.2,37.67667792358243,36.65509685907471,37.09323953102382,37.141671437893656,35.0609950191834,1.2628168288883843,145.63711217260843,0.027504983619704763,0
9,העמסה,405.0,2020-03-01 20:20:00,2020-03-01 20:50:00,60,66,7,30.0,SG3,18.0,57.05557860519369,61.20651689250435,57.109062301192765,58.457052599630266,55.590104964657975,1.987539788387429,229.21737221676406,0.07100834035783928,0
9,העמסה,405.0,2020-03-01 20:20:00,2020-03-01 20:50:00,60,66,7,30.0,SG4,21.2,79.53575256730717,87.49333899366393,65.54463010212932,77.52457388770013,73.71098407660456,2.6358355121818042,303.9834941810833,0.2831193748104811,1
9,העמסה,405.0,2020-03-01 20:20:00,2020-03-01 20:50:00,60,66,7,30.0,SG5,24.1,80.74298852457173,110.87919994415276,93.60257003301776,95.07491950058075,90.17603896455968,3.2325472630197454,372.8005816663657,0.31697330460949746,1
9,העמסה,405.0,2020-03-01 20:20:00,2020-03-01 20:50:00,60,66,7,30.0,SG6,26.2,44.78718956401565,38.31266144638041,52.154163564379346,45.084671524925135,42.89235812192548,1.5328788318474544,176.7826032040601,0.3070112667971117,1
9,העמסה,405.0,2020-03-01 20:20:00,2020-03-01 20:50:00,60,66,7,30.0,SG7,28.7,25.69840383095234,21.247414130425216,7.026122450551368,17.990646803976308,16.128656339064747,0.6116819913351945,70.54356320580995,,0
10,העמסה,450.0,2020-03-01 20:55:00,2020-03-01 21:20:00,67,72,6,25.0,SG1,9.7,21.365297255462156,22.506028506310187,22.719311449780143,22.196879070517497,21.24995796967768,0.7546938883975948,87.03672295632451,0.06100020593059074,0
10,העמסה,450.0,2020-03-01 20:55:00,2020-03-01 21:20:00,67,72,6,25.0,SG2,14.2,42.709527916214945,41.99003638645902,42.39776455108317,42.36577628458571,40.56310647243069,1.4404363936759141,166.12147687954865,0.01698284778078541,0
10,העמסה,450.0,2020-03-01 20:55:00,2020-03-01 21:20:00,67,72,6,25.0,SG3,18.0,64.11888868836266,69.17839737697243,64.43713590234705,65.91147398922737,63.5306009196727,2.2409901156337306,258.44708542215915,0.07676218391712342,0
10,העמסה,450.0,2020-03-01 20:55:00,2020-03-01 21:20:00,67,72,6,25.0,SG4,21.2,92.8281086756141,101.24229914208843,78.78631157077572,90.95223979615942,86.87704278013432,3.09237615306942,356.63504190145426,0.2468986758505417,0
10,העמסה,450.0,2020-03-01 20:55:00,2020-03-01 21:20:00,67,72,6,25.0,SG5,24.1,90.17443859865455,125.13342826226709,104.97942612705076,106.76243099599078,103.83425887182779,3.629922653863686,418.6287675497582,0.3274465496661962,1
10,העמסה,450.0,2020-03-01 20:55:00,2020-03-01 21:20:00,67,72,6,25.0,SG6,26.2,51.26219229890303,50.18145032975858,59.45874785487443,53.63413016117868,51.1673380987842,1.823560425480075,210.3060936184631,0.17297376683906618,0
10,העמסה,450.0,2020-03-01 20:55:00,2020-03-01 21:20:00,67,72,6,25.0,SG7,28.7,33.6123651097803,28.43850666336595,8.17918291907097,23.410018230739073,22.0710115526702,0.7959406198451285,91.79359245406926,1.0864229980527609,1
11,העמסה,540.0,2020-03-01 21:25:00,2020-03-01 22:20:00,73,84,12,55.0,SG1,9.7,28.392090422115217,30.154452906797797,30.71742437186485,29.75465590025929,27.00985470566836,1.011658300608816,116.67170569449145,0.07815025512458944,0
11,העמסה,540.0,2020-03-01 21:25:00,2020-03-01 22:20:00,73,84,12,55.0,SG2,14.2,56.51283434352549,55.49464732324116,56.328585008007714,56.11202222492479,51.160275782401136,1.9078087556474428,220.02221651947045,0.01814561264969086,0
11,העמסה,540.0,2020-03-01 21:25:00,2020-03-01 22:20:00,73,84,12,55.0,SG3,18.0,81.1446807227785,89.06247009175006,81.82778684213245,84.01164588555368,77.6998253721343,2.8563959601088253,329.4201101342172,0.09424633079749087,0
11,העמסה,540.0,2020-03-01 21:25:00,2020-03-01 22:20:00,73,84,12,55.0,SG4,21.2,114.97634102902948,131.6226646649811,98.745580052468,115.11486191549285,107.31637147906467,3.913905305126757,451.3796877869243,0.2856024327827327,1
11,העמסה,540.0,2020-03-01 21:25:00,2020-03-01 22:20:00,73,84,12,55.0,SG5,24.1,108.83855071366247,160.41746406080097,126.97803885120112,132.07801787522152,123.52317807595985,4.490652607757531,517.8943316267805,0.3905185297061832,1
11,העמסה,540.0,2020-03-01 21:25:00,2020-03-01 22:20:00,73,84,12,55.0,SG6,26.2,73.99173009851776,73.38761202995522,79.74799181936196,75.70911131594498,68.39737937818767,2.574109784742129,296.8648396894568,0.08401075747493533,0
11,העמסה,540.0,2020-03-01 21:25:00,2020-03-01 22:20:00,73,84,12,55.0,SG7,28.7,54.25177415152476,48.21863970678687,14.793101469320483,39.08783844254403,34.03373430395302,1.328986507046497,153.26827499835363,1.009487202527337,1
12,העמסה,630.0,2020-03-01 22:25:00,2020-03-01 23:40:00,85,100,16,75.0,SG1,9.7,40.80142482941098,42.55154124557413,44.74227329782049,42.698413124268534,38.31007705075725,1.45174604622513,167.42578729042057,0.09229496320952599,0
12,העמסה,630.0,2020-03-01 22:25:00,2020-03-01 23:40:00,85,100,16,75.0,SG2,14.2,77.9733681302726,76.64182643497033,76.82438314709914,77.14652590411403,70.22184237453075,2.622981880739877,302.50112102821583,0.017259904833009078,0
12,העמסה,630.0,2020-03-01 22:25:00,2020-03-01 23:40:00,85,100,16,75.0,SG3,18.0,117.74492729066132,119.91072369323878,117.48584740827222,118.38049946405744,107.69255185583756,4.024936981777953,464.18465868788803,0.02048374771136015,0
12,העמסה,630.0,2020-03-01 22:25:00,2020-03-01 23:40:00,85,100,16,75.0,SG4,21.2,149.95888118048202,167.3955945404828,124.29833179521714,147.21760250539398,137.61431402760587,5.005398485183395,577.2585255273706,0.2927453104236403,1
12,העמסה,630.0,2020-03-01 22:25:00,2020-03-01 23:40:00,85,100,16,75.0,SG5,24.1,142.67318376706808,212.15271882742974,156.88548323647478,170.57046194365753,158.97441504506577,5.799395706084356,668.8279912486047,0.40733626601370165,1
12,העמסה,630.0,2020-03-01 22:25:00,2020-03-01 23:40:00,85,100,16,75.0,SG6,26.2,107.82939566153966,104.45958223064407,103.74882378829007,105.34593389349128,96.02116433037455,3.5817617523787035,413.0745062733412,0.038734972698378736,0
12,העמסה,630.0,2020-03-01 22:25:00,2020-03-01 23:40:00,85,100,16,75.0,SG7,28.7,89.25871000963102,78.29526143770315,27.707235929808082,65.08706912571408,57.21184845543547,2.2129603502742783,255.21449143984756,0.9456789944088245,1
13,העמסה,720.0,2020-03-01 23:45:00,2020-03-02 01:20:00,101,120,20,94.99,SG1,9.7,48.19230119740544,50.5131924543114,55.42205711337305,51.37585025502997,48.82193444834745,1.7467789086710188,201.4510972955626,0.14072284702012844,0
13,העמסה,720.0,2020-03-01 23:45:00,2020-03-02 01:20:00,101,120,20,94.99,SG2,14.2,94.88679539220308,90.52141569050573,90.28795866293595,91.89872324854825,87.6008723898021,3.1245565904506405,360.3463212108834,0.05004244418966706,0
13,העמסה,720.0,2020-03-01 23:45:00,2020-03-02 01:20:00,101,120,20,94.99,SG3,18.0,135.50434424975197,146.52220464433384,137.04037217916536,139.6889736910837,133.85785366457873,4.7494251054968455,547.737835782186,0.07887423111109262,0
13,העמסה,720.0,2020-03-01 23:45:00,2020-03-02 01:20:00,101,120,20,94.99,SG4,21.2,173.60233435995136,192.6641925849288,142.38132357486995,169.54928350658338,163.56284631180336,5.764675639223835,664.8238236161086,0.2965678649305907,1
13,העמסה,720.0,2020-03-01 23:45:00,2020-03-02 01:20:00,101,120,20,94.99,SG5,24.1,163.53945876927202,248.6608707674398,179.84253452216544,197.3476213529591,56.606051567475006,6.709819126000609,773.8245629585565,0.43132727627827294,1
13,העמסה,720.0,2020-03-01 23:45:00,2020-03-02 01:20:00,101,120,20,94.99,SG6,26.2,131.49255768462973,125.39995069392879,123.02805620480338,126.64018819445397,120.78946552258121,4.305766398611435,496.57192526933534,0.066838983742106,0
13,העמסה,720.0,2020-03-01 23:45:00,2020-03-02 01:20:00,101,120,20,94.99,SG7,28.7,111.76118888816598,96.91981179222793,39.73836862759781,82.80645643599723,78.30859828279539,2.8154195188239055,324.6944124405151,0.8697730027396601,1
14,העמסה,810.0,2020-03-02 01:25:00,2020-03-02 02:45:00,121,137,17,80.0,SG1,9.7,54.43029217079731,57.551101901284966,65.52602229993971,59.169138790674,56.635075712608064,2.011750718882916,232.0095507178047,0.18752563170466946,0
14,העמסה,810.0,2020-03-02 01:25:00,2020-03-02 02:45:00,121,137,17,80.0,SG2,14.2,111.1429076526735,103.5755858247022,102.14144033492597,105.61997793743389,101.30167877786657,3.591079249872752,414.14906704626287,0.08522504448050279,0
14,העמסה,810.0,2020-03-02 01:25:00,2020-03-02 02:45:00,121,137,17,80.0,SG3,18.0,152.3095034165979,166.25256741506303,153.60364808004397,157.38857297056828,152.20821216128292,5.3512114809993205,617.1401654535052,0.08859006556386081,0
14,העמסה,810.0,2020-03-02 01:25:00,2020-03-02 02:45:00,121,137,17,80.0,SG4,21.2,196.39183806007256,215.38646453767444,159.07663254306777,190.28497838027158,184.5592886709732,6.469689264929234,746.1310616424319,0.2959236849588584,1
14,העמסה,810.0,2020-03-02 01:25:00,2020-03-02 02:45:00,121,137,17,80.0,SG5,24.1,182.45062388092097,283.63299083349426,201.30975560372818,222.46445677271447,215.68653585317725,7.563791530272292,872.3107978487789,0.4548248669491882,1
14,העמסה,810.0,2020-03-02 01:25:00,2020-03-02 02:45:00,121,137,17,80.0,SG6,26.2,150.74636840285189,142.52080818354264,141.22468345268953,144.830620013028,139.78165721933857,4.924241080442953,567.8988703600997,0.06574359033542662,0
14,העמסה,810.0,2020-03-02 01:25:00,2020-03-02 02:45:00,121,137,17,80.0,SG7,28.7,131.9797948202887,114.10930293817681,50.78760192250314,98.95889989365622,94.87248838521799,3.364602596384312,388.0301517498876,0.8204637782456836,1
15,העמסה,900.0,2020-03-02 02:50:00,2020-03-02 03:30:00,138,146,9,40.0,SG1,9.7,56.87077896407085,60.94489197892328,70.15392989937011,62.65653361412141,61.59245349287783,2.1303221428801273,245.68405946849077,0.21199945431238365,0
15,העמסה,900.0,2020-03-02 02:50:00,2020-03-02 03:30:00,138,146,9,40.0,SG2,14.2,119.01913816921987,109.55717621485935,107.73402442019567,112.10344626809164,110.23826183926343,3.8115171731151154,439.57155257221604,0.10066696542081528,0
15,העמסה,900.0,2020-03-02 02:50:00,2020-03-02 03:30:00,138,146,9,40.0,SG3,18.0,159.76957101445197,174.95825204686693,160.90456058184077,165.21079454771987,163.47105392102435,5.617167014622475,647.8120689292425,0.09193516122233665,0
15,העמסה,900.0,2020-03-02 02:50:00,2020-03-02 03:30:00,138,146,9,40.0,SG4,21.2,206.35554718701766,225.06277766604802,166.06791525455537,199.1620800358737,197.8362268169735,6.771510721219705,780.9392810772083,0.2962153357750949,1
15,העמסה,900.0,2020-03-02 02:50:00,2020-03-02 03:30:00,138,146,9,40.0,SG5,24.1,189.81812463032384,296.72545580936304,210.38032303887596,232.3079678261876,231.6325176303244,7.8984709060903775,910.9084287029566,0.4601965751731214,1
15,העמסה,900.0,2020-03-02 02:50:00,2020-03-02 03:30:00,138,146,9,40.0,SG6,26.2,158.59264747911797,149.17426254631908,148.55609443953182,152.10766815498963,151.5896455375952,5.171660717269647,596.4330810056408,0.06598321545077819,0
15,העמסה,900.0,2020-03-02 02:50:00,2020-03-02 03:30:00,138,146,9,40.0,SG7,28.7,140.48834199583587,121.13890823091742,55.34296087636421,105.6567370343725,105.21897202521332,3.592329059168665,414.2932040362517,0.8058679787903347,1
16,פריקה,450.0,2020-03-02 03:35:00,2020-03-02 03:45:00,147,149,3,10.0,SG1,9.7,45.4804705830979,48.8437334770294,58.6321019985542,50.98543535289383,50.97066223586065,1.73350480199839,199.92023191726815,0.2579487911484479,1
16,פריקה,450.0,2020-03-02 03:35:00,2020-03-02 03:45:00,147,149,3,10.0,SG2,14.2,95.32026244998787,86.30571327743148,83.12330238281947,88.24975937007962,88.234145861794,3.0004918185827067,346.03828010479174,0.13820955608524496,0
16,פריקה,450.0,2020-03-02 03:35:00,2020-03-02 03:45:00,147,149,3,10.0,SG3,18.0,120.45361891643455,134.58717197660525,123.38711502571508,126.14263530625162,126.12908128566546,4.288849600412555,494.6209585253616,0.11204421903710014,0
16,פריקה,450.0,2020-03-02 03:35:00,2020-03-02 03:45:00,147,149,3,10.0,SG4,21.2,147.80864752837607,155.53705400438943,118.93611153781367,140.76060435685972,140.71962275039257,4.78586054813323,551.9398328770179,0.2600226294410058,1
16,פריקה,450.0,2020-03-02 03:35:00,2020-03-02 03:45:00,147,149,3,10.0,SG5,24.1,130.4894999506509,206.35330695924517,142.243451417095,159.69541944233035,159.68937232918006,5.429644261039232,626.1855973192945,0.4750531184520945,1
16,פריקה,450.0,2020-03-02 03:35:00,2020-03-02 03:45:00,147,149,3,10.0,SG6,26.2,115.01300474432668,109.90222739172584,101.62180315321054,108.84567842975434,108.90769459549085,3.700753066611648,426.7974397836303,0.12302924456259798,0
16,פריקה,450.0,2020-03-02 03:35:00,2020-03-02 03:45:00,147,149,3,10.0,SG7,28.7,110.57070716185379,93.11172989396023,37.58725160375744,80.42322955319048,80.48147800084536,2.734389804808476,315.3494834853257,0.9074922253629022,1
17,פריקה,225.0,2020-03-02 03:50:00,2020-03-02 04:00:00,150,152,3,10.0,SG1,9.7,34.93674142260027,37.84556096467261,47.328267675721825,40.0368566876649,40.005145533522075,1.3612531273806068,156.9894935452796,0.30950297496604684,1
17,פריקה,225.0,2020-03-02 03:50:00,2020-03-02 04:00:00,150,152,3,10.0,SG2,14.2,73.15227119499397,64.57765816187685,60.90959042674415,66.213173261205,66.14575992963582,2.2512478908809697,259.6300857830576,0.18489796161790265,0
17,פריקה,225.0,2020-03-02 03:50:00,2020-03-02 04:00:00,150,152,3,10.0,SG3,18.0,87.31967847228515,97.89151267777179,90.96454230192508,92.05857781732733,91.94533602322691,3.1299916457891293,360.9731308525419,0.11483812216243905,0
17,פריקה,225.0,2020-03-02 03:50:00,2020-03-02 04:00:00,150,152,3,10.0,SG4,21.2,102.0001563682548,101.1039438575107,82.78981321143725,95.29797114573425,95.12217543475622,3.240131018954964,373.67519490287077,0.20158186922405907,0
17,פריקה,225.0,2020-03-02 03:50:00,2020-03-02 04:00:00,150,152,3,10.0,SG5,24.1,88.57665476301246,140.181273262858,93.04817684670084,107.26870162419044,107.04145445311576,3.6471358552224746,420.6139176362884,0.48107805649255725,1
17,פריקה,225.0,2020-03-02 03:50:00,2020-03-02 04:00:00,150,152,3,10.0,SG6,26.2,79.98895581086168,78.92124865050455,65.51755403701036,74.8092528327922,74.71093608719214,2.543514596314935,293.33638268208887,0.19344400894093508,0
17,פריקה,225.0,2020-03-02 03:50:00,2020-03-02 04:00:00,150,152,3,10.0,SG7,28.7,80.4374366867796,66.78219554817004,24.39117956229352,57.20360393241439,57.07637964122343,1.9449225337020892,224.3024441297184,0.9797679389344822,1
18,פריקה,0.0,2020-03-02 04:05:00,2020-03-02 04:15:00,153,155,3,10.0,SG1,9.7,20.105549905348337,21.91114693278074,30.52479712755751,24.180497988562195,24.300280837338438,0.8221369316111146,94.8147393915312,0.4308946501903171,1
18,פריקה,0.0,2020-03-02 04:05:00,2020-03-02 04:15:00,153,155,3,10.0,SG2,14.2,41.791960982858775,35.46392366538351,31.30733847043915,36.18774103956048,36.4563866876864,1.2303831953450561,141.89663246212427,0.28972857136779623,1
18,פריקה,0.0,2020-03-02 04:05:00,2020-03-02 04:15:00,153,155,3,10.0,SG3,18.0,45.158864741464285,49.96201006286216,47.63869441848965,47.58652307427203,48.12601482909509,1.6179417845252488,186.59267422740422,0.1009349919072934,0
18,פריקה,0.0,2020-03-02 04:05:00,2020-03-02 04:15:00,153,155,3,10.0,SG4,21.2,46.673539607442734,39.85015392632978,38.57920349925532,41.700965677675946,42.47754143249839,1.417832833040982,163.5146718224861,0.19410428455666692,0
18,פריקה,0.0,2020-03-02 04:05:00,2020-03-02 04:15:00,153,155,3,10.0,SG5,24.1,39.21447501991329,49.38893558142379,33.27681905386659,40.626743218401224,41.67597857247821,1.3813092694256415,159.3025119830634,0.3965889276662343,1
18,פריקה,0.0,2020-03-02 04:05:00,2020-03-02 04:15:00,153,155,3,10.0,SG6,26.2,32.783397018086724,34.04535188564797,22.20841868102754,29.67905586158741,30.336305956352845,1.009087899293972,116.37526854220226,0.3988311912556682,1
18,פריקה,0.0,2020-03-02 04:05:00,2020-03-02 04:15:00,153,155,3,10.0,SG7,28.7,29.62527157036675,29.509995699988295,5.967158489463251,21.700808586606097,22.031777719015675,0.7378274919446073,85.09156890390845,1.0901950029412941,1
